S.NO.,first_name,last_name,email,Assignments,First Year Marks,Second Year Marks,Third Year Marks,Courses,Attendance,Country,Parantel Education
1,Belvia,Longstaffe,blongstaffe0@biblegateway.com,8,86,76,79,Support,93,United States,FALSE
2,Thebault,Pavkovic,tpavkovic1@sciencedirect.com,9,95,96,93,Research and Development,90,Russia,FALSE
3,Sherry,Tethacot,stethacot2@nbcnews.com,8,75,75,77,Product Management,91,Kazakhstan,TRUE
4,Morissa,Lumby,mlumby3@ftc.gov,10,71,87,80,Sales,82,Russia,FALSE
5,Cynthie,Dosdill,cdosdill4@macromedia.com,8,79,84,74,Product Management,89,United States,TRUE
6,Callean,Kuschek,ckuschek5@adobe.com,9,72,74,79,Legal,80,United Kingdom,FALSE
7,Mercie,Woollhead,mwoollhead6@naver.com,8,82,80,75,Research and Development,87,Russia,TRUE
8,Myranda,Sedgwick,msedgwick7@creativecommons.org,7,89,79,84,Legal,94,Russia,TRUE
9,Noak,Boeck,nboeck8@wisc.edu,7,96,90,94,Accounting,95,Russia,FALSE
10,Zitella,Dingle,zdingle9@odnoklassniki.ru,7,87,80,90,Marketing,84,Russia,FALSE
11,Helenka,Hoggetts,hhoggettsa@umn.edu,7,80,77,74,Business Development,88,United States,TRUE
12,Rorke,Farndon,rfarndonb@microsoft.com,7,85,81,88,Product Management,80,United States,TRUE
13,Ellis,Rigmand,erigmandc@1und1.de,8,83,71,85,Engineering,86,Russia,TRUE
14,Rockey,Bazeley,rbazeleyd@toplist.cz,8,79,81,89,Human Resources,92,United States,TRUE
15,Merrile,Pilipets,mpilipetse@cafepress.com,8,94,85,92,Legal,95,Russia,FALSE
16,Erna,Gartenfeld,egartenfeldf@blogger.com,7,99,91,95,Legal,83,Russia,TRUE
17,Bria,Cleugher,bcleugherg@umich.edu,8,97,92,95,Sales,96,Russia,FALSE
18,Marinna,Benedito,mbeneditoh@diigo.com,9,76,79,77,Human Resources,82,United States,FALSE
19,Cory,Veale,cvealei@biblegateway.com,8,79,75,72,Accounting,98,Russia,TRUE
20,Carlin,Urlich,curlichj@reddit.com,8,87,78,73,Accounting,85,Russia,TRUE
21,Dennison,Shout,dshoutk@blinklist.com,8,86,84,83,Marketing,89,United States,TRUE
22,Ferdy,Sothcott,fsothcottl@cargocollective.com,9,97,91,94,Product Management,93,United States,FALSE
23,Coralie,Meachen,cmeachenm@oracle.com,7,92,89,85,Human Resources,97,Kazakhstan,TRUE
24,Sharon,Mynott,smynottn@quantcast.com,7,98,95,92,Human Resources,87,Russia,FALSE
25,Malchy,Pernell,mpernello@washington.edu,8,75,77,79,Accounting,88,Russia,FALSE
26,Hanson,Cowins,hcowinsp@csmonitor.com,8,84,80,83,Sales,94,Russia,TRUE
27,Gussie,Hallut,ghallutq@diigo.com,9,95,100,99,Engineering,91,Russia,TRUE
28,Mischa,Conti,mcontir@paypal.com,9,79,71,83,Product Management,80,Kazakhstan,FALSE
29,Hewitt,Birkhead,hbirkheads@virginia.edu,9,96,92,92,Human Resources,90,United States,TRUE
30,Klement,Sutlieff,ksutliefft@joomla.org,10,84,98,89,Human Resources,97,Russia,FALSE
31,Shena,Deave,sdeaveu@t-online.de,8,77,70,75,Marketing,92,Russia,FALSE
32,Nikaniki,Nadin,nnadinv@sfgate.com,9,74,80,87,Support,95,United States,TRUE
33,Dayna,Pahlsson,dpahlssonw@liveinternet.ru,9,91,90,92,Engineering,100,Russia,TRUE
34,Aurilia,Toms,atomsx@timesonline.co.uk,7,70,73,71,Services,100,Russia,TRUE
35,Eberto,Dartnell,edartnelly@acquirethisname.com,10,75,84,87,Engineering,85,United Kingdom,TRUE
36,Elmira,Knapp,eknappz@tuttocitta.it,8,76,70,69,Human Resources,86,United States,TRUE
37,Christian,Ravilus,cravilus10@meetup.com,7,74,79,81,Business Development,95,United States,FALSE
38,Bev,Duddy,bduddy11@squidoo.com,9,94,96,90,Business Development,99,Russia,FALSE
39,Montgomery,Josifovitz,mjosifovitz12@gravatar.com,9,78,72,86,Services,83,Russia,TRUE
40,Tabb,Molyneaux,tmolyneaux13@buzzfeed.com,8,96,95,96,Support,83,Russia,FALSE
41,Flory,Zettoi,fzettoi14@imdb.com,9,79,80,72,Engineering,85,Russia,FALSE
42,Maurizio,Berling,mberling15@noaa.gov,8,96,92,93,Engineering,91,Russia,FALSE
43,Beret,Gounot,bgounot16@ebay.co.uk,10,86,82,90,Accounting,99,Russia,TRUE
44,Felicia,Barthelme,fbarthelme17@marketwatch.com,7,90,95,90,Accounting,87,United States,TRUE
45,Delcina,Stoven,dstoven18@cocolog-nifty.com,10,78,76,71,Services,91,Russia,TRUE
46,Joyann,Di Giacomettino,jdigiacomettino19@squidoo.com,7,78,81,77,Services,82,Russia,FALSE
47,Ellissa,Bartos,ebartos1a@oracle.com,10,89,86,86,Sales,99,United States,FALSE
48,Lynnelle,Fanner,lfanner1b@indiatimes.com,8,97,92,92,Engineering,82,United States,FALSE
49,Sasha,Ethridge,sethridge1c@seesaa.net,10,87,92,87,Support,81,United States,FALSE
50,Renato,Tipens,rtipens1d@storify.com,9,89,95,90,Support,94,United States,TRUE
51,Verina,Arboine,varboine1e@chicagotribune.com,9,87,96,96,Accounting,91,Russia,FALSE
52,Gennie,Gumby,ggumby1f@latimes.com,7,73,86,80,Services,86,Russia,FALSE
53,Uriel,Ambrus,uambrus1g@umn.edu,8,99,85,91,Engineering,81,Russia,FALSE
54,Madalena,Normavell,mnormavell1h@rediff.com,9,76,87,79,Product Management,87,Russia,TRUE
55,Bevin,Clancy,bclancy1i@examiner.com,9,80,84,73,Engineering,93,Russia,TRUE
56,Angelo,Tal,atal1j@purevolume.com,8,73,73,81,Sales,87,Kazakhstan,TRUE
57,Kingsly,Wraith,kwraith1k@seesaa.net,7,80,86,73,Business Development,90,Russia,FALSE
58,Colby,Tortis,ctortis1l@theguardian.com,9,92,82,98,Accounting,88,United States,TRUE
59,Randie,Fairbairn,rfairbairn1m@webs.com,7,92,93,99,Support,83,United States,TRUE
60,Martino,Dincke,mdincke1n@photobucket.com,7,70,77,77,Human Resources,83,Russia,FALSE
61,Shirl,Crosham,scrosham1o@slate.com,9,72,89,90,Research and Development,99,Russia,FALSE
62,Maxie,Dhenin,mdhenin1p@uol.com.br,7,70,72,70,Human Resources,93,Russia,FALSE
63,Liza,Ovize,lovize1q@geocities.com,7,94,96,96,Sales,84,Kazakhstan,TRUE
64,Wolfy,Stear,wstear1r@google.es,10,84,90,80,Sales,90,Russia,TRUE
65,Doralyn,Ivory,divory1s@indiatimes.com,10,83,79,85,Marketing,88,Russia,FALSE
66,Boothe,Alvarez,balvarez1t@ning.com,7,91,82,90,Product Management,94,Russia,TRUE
67,Louisa,Cowburn,lcowburn1u@biglobe.ne.jp,10,75,75,78,Marketing,88,Russia,FALSE
68,Hank,Newman,hnewman1v@dedecms.com,10,95,97,92,Business Development,82,Kazakhstan,FALSE
69,Natal,Cholton,ncholton1w@pen.io,10,94,99,92,Research and Development,98,Russia,FALSE
70,Lorraine,Castelli,lcastelli1x@google.fr,10,91,90,94,Support,82,Russia,TRUE
71,Tori,Offield,toffield1y@wisc.edu,7,76,71,79,Engineering,93,Russia,FALSE
72,Albina,Erickssen,aerickssen1z@amazon.co.uk,7,82,85,74,Engineering,94,United Kingdom,FALSE
73,Jennifer,Ollerenshaw,jollerenshaw20@newsvine.com,8,79,89,85,Sales,92,Russia,TRUE
74,Anette,Vickerman,avickerman21@weibo.com,9,71,79,75,Marketing,97,Russia,FALSE
75,Ximenes,Logsdale,xlogsdale22@vinaora.com,7,72,84,86,Legal,84,Russia,FALSE
76,Neysa,Cullinan,ncullinan23@fotki.com,8,100,99,97,Accounting,95,Russia,FALSE
77,Mandel,Salle,msalle24@msn.com,7,97,93,94,Sales,99,United States,TRUE
78,Cletis,Finkle,cfinkle25@chronoengine.com,8,70,74,78,Research and Development,84,Russia,TRUE
79,Demeter,Barrett,dbarrett26@accuweather.com,8,82,83,74,Business Development,98,Russia,FALSE
80,Ali,Horrigan,ahorrigan27@ed.gov,8,76,85,88,Services,92,Russia,TRUE
81,Traver,Signoret,tsignoret28@wikispaces.com,8,74,82,82,Sales,95,United States,FALSE
82,Kelsy,Dumbar,kdumbar29@marketwatch.com,9,73,78,76,Accounting,98,Russia,TRUE
83,Hugibert,Ibel,hibel2a@yale.edu,9,89,77,85,Sales,85,Russia,FALSE
84,Jenny,Hempel,jhempel2b@comsenz.com,7,90,93,98,Research and Development,95,Russia,TRUE
85,Elbertina,Ellingsworth,eellingsworth2c@webs.com,9,87,83,76,Engineering,82,Russia,TRUE
86,Allene,Wykey,awykey2d@utexas.edu,9,81,80,79,Legal,94,United States,TRUE
87,Lyman,Arrington,larrington2e@odnoklassniki.ru,8,95,84,90,Business Development,89,Russia,TRUE
88,Nigel,Mahoney,nmahoney2f@blinklist.com,9,91,86,88,Marketing,96,Russia,TRUE
89,Delainey,Satterly,dsatterly2g@4shared.com,8,76,70,85,Business Development,88,Russia,FALSE
90,Rodney,Keppy,rkeppy2h@tiny.cc,10,77,76,83,Training,96,United States,FALSE
91,Humbert,Beniesh,hbeniesh2i@reuters.com,7,89,79,97,Support,82,Russia,TRUE
92,Eba,Upton,eupton2j@wordpress.org,7,84,77,72,Business Development,100,Russia,TRUE
93,Fields,Lie,flie2k@typepad.com,7,95,97,100,Sales,91,Russia,TRUE
94,Merna,Wigg,mwigg2l@comcast.net,8,84,72,71,Sales,83,Russia,TRUE
95,Thorvald,Scheffler,tscheffler2m@hexun.com,8,73,85,75,Sales,88,Russia,FALSE
96,Benedetta,Ternault,bternault2n@ezinearticles.com,7,90,85,90,Support,80,United States,FALSE
97,Quentin,Neve,qneve2o@meetup.com,9,71,89,75,Training,95,Russia,FALSE
98,Giraud,Elcox,gelcox2p@earthlink.net,9,93,96,98,Legal,88,Russia,FALSE
99,Con,d' Elboux,cdelboux2q@slate.com,10,98,87,72,Business Development,100,Russia,FALSE
100,Sashenka,Agott,sagott2r@about.me,7,71,74,76,Support,91,United States,FALSE
101,Zelig,Symcoxe,zsymcoxe2s@zdnet.com,7,66,68,95,Engineering,95,Russia,true
102,Toni,Thrower,tthrower2t@pbs.org,6,96,73,69,Support,81,Russia,true
103,Yasmin,Desaur,ydesaur2u@cloudflare.com,9,81,56,66,Engineering,93,United Kingdom,true
104,Charla,Jochanany,cjochanany2v@redcross.org,5,81,51,52,Legal,96,Russia,false
105,Caryl,Boocock,cboocock2w@cnn.com,5,81,55,90,Support,95,Russia,false
106,Berta,Gotobed,bgotobed2x@sitemeter.com,9,59,59,52,Engineering,90,United States,false
107,Herby,Realy,hrealy2y@rambler.ru,5,53,76,61,Human Resources,86,Russia,false
108,Jacklyn,Carthy,jcarthy2z@4shared.com,7,64,80,62,Research and Development,80,Russia,true
109,Isabelle,Mityashev,imityashev30@dmoz.org,6,84,92,80,Training,89,Russia,true
110,Shirleen,Langer,slanger31@indiegogo.com,6,86,78,83,Legal,84,Russia,false
111,Leena,Karadzas,lkaradzas32@scribd.com,6,74,72,54,Accounting,95,Russia,false
112,Antonin,Holsall,aholsall33@amazon.co.jp,7,75,58,90,Services,83,Kazakhstan,false
113,Dee dee,Hanscom,dhanscom34@usgs.gov,5,55,51,83,Business Development,94,Russia,false
114,Zane,Bilbrey,zbilbrey35@wp.com,7,76,63,72,Marketing,94,Russia,true
115,Clo,Chalice,cchalice36@topsy.com,6,75,52,50,Marketing,94,Russia,false
116,Craggie,Abbotson,cabbotson37@1und1.de,9,80,57,67,Support,80,United States,true
117,Liane,Accomb,laccomb38@vinaora.com,5,90,62,89,Engineering,81,United States,true
118,Karlen,Mugridge,kmugridge39@squidoo.com,8,82,86,74,Legal,80,Russia,true
119,Merrily,Skelding,mskelding3a@free.fr,9,88,52,68,Legal,91,Russia,true
120,Parke,O'Logan,pologan3b@ovh.net,5,75,54,65,Marketing,91,United States,false
121,Itch,Kibby,ikibby3c@ycombinator.com,5,95,83,94,Human Resources,98,United States,false
122,Fionnula,Ivachyov,fivachyov3d@ed.gov,8,85,91,71,Human Resources,98,Russia,false
123,Teddie,Kermit,tkermit3e@domainmarket.com,8,66,86,53,Product Management,95,Russia,true
124,Herbert,Lingfoot,hlingfoot3f@ucoz.com,5,59,58,57,Training,94,Russia,false
125,Karlis,Stirley,kstirley3g@hud.gov,6,63,92,57,Product Management,90,Russia,true
126,Risa,O'Keeffe,rokeeffe3h@liveinternet.ru,6,89,81,80,Engineering,84,Russia,false
127,Costa,Chittim,cchittim3i@nhs.uk,7,86,75,74,Business Development,92,Russia,true
128,Dorey,Gynni,dgynni3j@ucla.edu,7,88,61,67,Services,89,Russia,true
129,Olly,MacMillan,omacmillan3k@wikimedia.org,9,73,54,62,Accounting,86,Russia,false
130,Britta,Udell,budell3l@arizona.edu,6,72,65,82,Research and Development,86,United States,true
131,Corbin,Ondrasek,condrasek3m@house.gov,9,79,50,85,Legal,86,United States,true
132,Park,Dufour,pdufour3n@liveinternet.ru,9,92,65,56,Legal,93,Russia,true
133,Spenser,Trunchion,strunchion3o@blinklist.com,6,95,54,72,Human Resources,84,Russia,true
134,Jamesy,Garnett,jgarnett3p@upenn.edu,5,73,90,79,Research and Development,86,Russia,false
135,Claribel,Sammon,csammon3q@house.gov,7,59,73,74,Accounting,81,Russia,false
136,Angele,Hynard,ahynard3r@jiathis.com,5,83,71,74,Research and Development,82,Russia,true
137,Trudey,Capelen,tcapelen3s@spotify.com,5,56,82,70,Support,83,Russia,true
138,Claire,Baume,cbaume3t@baidu.com,8,74,56,72,Research and Development,81,Russia,true
139,Dahlia,Holdforth,dholdforth3u@etsy.com,5,71,68,55,Services,94,United States,true
140,Hilary,Christou,hchristou3v@tripadvisor.com,8,71,51,82,Business Development,80,Russia,false
141,Lennard,Lamke,llamke3w@bing.com,5,61,60,94,Sales,99,Russia,false
142,Viviana,Dryburgh,vdryburgh3x@imgur.com,5,90,56,72,Human Resources,88,Russia,false
143,Farris,Pennock,fpennock3y@skype.com,5,74,82,53,Accounting,86,United States,false
144,Judon,Naisbet,jnaisbet3z@cafepress.com,9,72,90,85,Support,94,Russia,true
145,Tannie,Ca,tca40@whitehouse.gov,6,73,57,95,Marketing,84,Russia,true
146,Merrily,Whayman,mwhayman41@cnn.com,8,59,77,54,Research and Development,87,Russia,false
147,Lanny,Neal,lneal42@constantcontact.com,5,87,60,90,Business Development,85,United States,true
148,Sarena,Ashbolt,sashbolt43@vinaora.com,8,69,72,73,Engineering,88,Russia,true
149,Franciskus,Brobak,fbrobak44@youtube.com,5,77,88,58,Product Management,83,Russia,true
150,Ambur,Gallaway,agallaway45@dyndns.org,6,84,79,51,Business Development,88,Russia,true
151,Kerry,Newlands,knewlands46@ted.com,8,66,85,73,Product Management,94,United States,false
152,Barron,Palombi,bpalombi47@sun.com,6,65,51,55,Research and Development,93,Kazakhstan,false
153,Brendin,Coop,bcoop48@ezinearticles.com,5,63,72,56,Sales,80,Russia,true
154,Lydie,Mandell,lmandell49@nature.com,7,82,57,73,Services,85,Russia,false
155,Gunilla,Colegrove,gcolegrove4a@washingtonpost.com,8,54,71,63,Business Development,87,Russia,false
156,Claretta,Pleager,cpleager4b@tinypic.com,7,84,95,80,Support,95,Russia,false
157,Stesha,Flescher,sflescher4c@java.com,7,59,77,80,Human Resources,89,United States,true
158,Shurlocke,Vagg,svagg4d@weibo.com,8,81,74,52,Training,89,Russia,true
159,Breanne,Dundon,bdundon4e@vimeo.com,6,64,69,90,Human Resources,91,Russia,false
160,Tarah,Gwinnel,tgwinnel4f@google.es,8,83,90,89,Marketing,87,United States,true
161,Jessika,Musker,jmusker4g@mlb.com,9,60,80,82,Product Management,94,Russia,false
162,Pollyanna,Pariss,ppariss4h@fc2.com,5,96,75,70,Business Development,80,United States,true
163,Mommy,Jorioz,mjorioz4i@artisteer.com,6,73,86,50,Engineering,90,United States,true
164,Brittne,Korejs,bkorejs4j@live.com,9,92,60,57,Services,89,United Kingdom,true
165,Rikki,Smalley,rsmalley4k@edublogs.org,6,71,72,74,Legal,85,United States,true
166,Fabian,Colebeck,fcolebeck4l@issuu.com,6,81,55,60,Legal,92,Russia,true
167,Sallyann,Hallatt,shallatt4m@paginegialle.it,7,76,53,79,Legal,94,Russia,false
168,Anabella,Hallows,ahallows4n@virginia.edu,7,73,87,74,Business Development,86,United States,true
169,Reed,Brigham,rbrigham4o@cdbaby.com,6,73,57,67,Human Resources,80,United States,true
170,Clair,Giannassi,cgiannassi4p@symantec.com,9,68,52,56,Human Resources,97,Russia,true
171,Elset,Lincoln,elincoln4q@usa.gov,6,91,64,61,Research and Development,88,Russia,true
172,Gaye,Ebenezer,gebenezer4r@wordpress.com,9,65,51,89,Business Development,85,Russia,true
173,Hamlen,Satford,hsatford4s@washington.edu,9,55,96,73,Engineering,92,Russia,false
174,Buiron,Rafe,brafe4t@live.com,7,88,96,82,Services,86,Russia,true
175,Lona,Dongles,ldongles4u@ifeng.com,6,88,74,60,Training,85,United States,true
176,Merry,Flaunders,mflaunders4v@t.co,8,89,85,77,Marketing,93,Russia,true
177,Krystal,Ivushkin,kivushkin4w@dropbox.com,5,81,91,95,Training,99,Russia,true
178,Jaquenetta,Sugge,jsugge4x@ted.com,7,90,50,54,Legal,90,Russia,false
179,Janaya,Brach,jbrach4y@nymag.com,8,92,81,69,Human Resources,90,Kazakhstan,true
180,Myron,Wilmut,mwilmut4z@networksolutions.com,8,56,67,89,Research and Development,98,Russia,true
181,Kira,Sokell,ksokell50@engadget.com,7,95,66,62,Training,81,Russia,true
182,Mason,O'Fihily,mofihily51@google.de,9,57,54,52,Marketing,83,Russia,true
183,Errick,Degli Abbati,edegliabbati52@youtube.com,5,69,50,74,Research and Development,99,Russia,false
184,Denni,Eslinger,deslinger53@rediff.com,9,58,58,76,Legal,99,Russia,false
185,Katharine,Tennewell,ktennewell54@accuweather.com,8,61,77,55,Sales,94,Russia,false
186,Brittney,Blackman,bblackman55@independent.co.uk,6,75,63,53,Research and Development,86,Russia,true
187,Massimiliano,Evesque,mevesque56@accuweather.com,9,66,84,74,Sales,81,Russia,true
188,Elwood,Sayer,esayer57@hhs.gov,7,94,70,76,Research and Development,89,Russia,true
189,Lucas,Jakubczyk,ljakubczyk58@weebly.com,8,57,91,58,Marketing,94,United States,true
190,Carrissa,Macklin,cmacklin59@wunderground.com,6,69,93,64,Accounting,96,United States,false
191,Alexandros,Jaquiss,ajaquiss5a@google.fr,7,73,94,75,Services,96,Russia,true
192,Lexine,Calcutt,lcalcutt5b@facebook.com,5,59,53,77,Marketing,85,Russia,false
193,Felicia,Summerly,fsummerly5c@trellian.com,6,89,68,77,Engineering,93,Russia,true
194,Heda,Devey,hdevey5d@hao123.com,8,80,87,96,Engineering,90,Russia,true
195,Ronnie,Notley,rnotley5e@geocities.com,8,57,80,93,Marketing,100,United States,false
196,Judas,Faivre,jfaivre5f@ft.com,7,67,85,78,Engineering,100,Russia,false
197,Charita,Marion,cmarion5g@newyorker.com,9,60,57,64,Engineering,92,Russia,false
198,Anallise,Cicero,acicero5h@webeden.co.uk,7,89,55,80,Business Development,98,Russia,true
199,Willi,Blackborn,wblackborn5i@amazon.co.jp,7,89,90,92,Engineering,82,United States,false
200,Torin,Samples,tsamples5j@ucoz.com,6,57,78,77,Human Resources,96,Russia,false
201,Shermy,Rowlinson,srowlinson5k@tuttocitta.it,8,58,65,91,Business Development,83,United States,false
202,Lee,Spare,lspare5l@stanford.edu,6,78,89,60,Training,91,United States,true
203,Norma,Everwin,neverwin5m@tripod.com,6,83,90,67,Legal,90,Russia,true
204,Dermot,Maxweell,dmaxweell5n@weather.com,6,95,67,55,Marketing,93,Russia,false
205,Evelina,Quan,equan5o@utexas.edu,7,65,62,83,Product Management,81,United States,true
206,Maggi,Beville,mbeville5p@4shared.com,6,67,74,65,Accounting,91,Russia,false
207,Rad,McGrorty,rmcgrorty5q@macromedia.com,5,96,64,71,Support,86,Russia,true
208,De,Menier,dmenier5r@behance.net,5,78,72,92,Sales,91,Russia,false
209,Ollie,Annell,oannell5s@amazon.de,7,79,80,78,Sales,90,Russia,true
210,Tucky,Ivanishev,tivanishev5t@buzzfeed.com,5,78,86,51,Support,85,Russia,true
211,Darb,Bunstone,dbunstone5u@csmonitor.com,6,94,66,52,Services,95,Russia,true
212,Roberta,Lamble,rlamble5v@wikipedia.org,8,59,83,73,Business Development,93,Russia,false
213,Matilda,Navaro,mnavaro5w@google.es,8,75,94,54,Accounting,90,United States,true
214,Earlie,Instone,einstone5x@so-net.ne.jp,6,93,50,61,Research and Development,87,Russia,true
215,Kaine,Freddi,kfreddi5y@reuters.com,6,67,88,56,Sales,88,United States,false
216,Johnna,Levinge,jlevinge5z@google.fr,8,77,64,92,Sales,99,Russia,false
217,Raddy,Guest,rguest60@princeton.edu,9,93,68,82,Sales,87,Russia,true
218,Deane,Borham,dborham61@yahoo.com,6,74,57,75,Sales,91,United States,true
219,Esmaria,Layton,elayton62@wisc.edu,6,52,94,61,Training,90,Russia,false
220,Jill,Gjerde,jgjerde63@about.com,8,64,51,82,Training,98,Russia,true
221,Chelsie,Foxall,cfoxall64@wunderground.com,9,90,83,81,Support,95,Russia,false
222,Ida,Roderigo,iroderigo65@tiny.cc,7,79,74,70,Legal,81,Russia,true
223,Dewie,Niblett,dniblett66@boston.com,7,60,89,68,Human Resources,98,Russia,true
224,Kassia,Flintoffe,kflintoffe67@scribd.com,7,81,50,89,Services,86,Russia,false
225,Gilberta,Tinghill,gtinghill68@github.io,9,87,56,68,Training,80,Russia,true
226,Winnifred,Montel,wmontel69@comcast.net,8,86,87,74,Engineering,100,United States,false
227,Abbott,Chitson,achitson6a@blogspot.com,5,74,83,82,Accounting,88,Russia,false
228,Joice,Maginn,jmaginn6b@google.com.au,8,72,93,53,Product Management,81,Russia,true
229,Maure,Sharer,msharer6c@wordpress.org,7,63,60,63,Support,94,Russia,false
230,Sandy,McTerry,smcterry6d@dell.com,7,93,91,92,Marketing,84,Russia,true
231,Mariette,Zaniolini,mzaniolini6e@businesswire.com,7,91,60,75,Research and Development,86,United States,false
232,Aristotle,Palister,apalister6f@rediff.com,6,83,94,61,Training,83,Russia,true
233,Neill,de Juares,ndejuares6g@sakura.ne.jp,5,82,57,81,Legal,92,United States,false
234,Mikol,Yurevich,myurevich6h@seattletimes.com,6,52,53,81,Research and Development,92,Kazakhstan,true
235,Gifford,Holligan,gholligan6i@usgs.gov,6,78,89,76,Marketing,90,Russia,true
236,Ofella,McCerery,omccerery6j@ftc.gov,6,75,89,64,Accounting,89,Russia,true
237,Demetra,Sudworth,dsudworth6k@gnu.org,5,92,54,89,Services,87,Russia,false
238,Randolph,Antoniutti,rantoniutti6l@mail.ru,5,69,95,74,Human Resources,99,United States,true
239,Aridatha,Adderley,aadderley6m@paypal.com,6,79,62,95,Services,93,United States,true
240,Estele,Humphery,ehumphery6n@linkedin.com,9,52,59,84,Marketing,80,Russia,true
241,Isadore,Von Helmholtz,ivonhelmholtz6o@boston.com,7,94,75,68,Accounting,80,Russia,true
242,Jana,Maddy,jmaddy6p@dot.gov,7,78,65,77,Training,87,Russia,true
243,Don,Buer,dbuer6q@sourceforge.net,5,54,95,78,Sales,99,Russia,false
244,Brendon,Wrinch,bwrinch6r@blinklist.com,6,85,58,83,Sales,92,Kazakhstan,false
245,Crissy,Iggalden,ciggalden6s@oakley.com,5,64,64,80,Human Resources,87,United Kingdom,true
246,Bradford,Wheadon,bwheadon6t@unicef.org,8,65,89,91,Services,93,Russia,true
247,Arlana,Quantrell,aquantrell6u@sitemeter.com,8,64,95,82,Business Development,99,Russia,false
248,Ody,Duker,oduker6v@ebay.co.uk,9,96,54,84,Research and Development,96,United States,false
249,Tate,Dumelow,tdumelow6w@topsy.com,8,74,67,70,Training,95,United States,false
250,Fairleigh,Ridehalgh,fridehalgh6x@addtoany.com,8,67,53,74,Legal,84,Russia,true
251,Annette,Avrahamian,aavrahamian6y@hibu.com,7,87,92,72,Research and Development,97,Russia,false
252,Gretchen,Butt Gow,gbuttgow6z@blogtalkradio.com,7,70,81,71,Business Development,99,Russia,true
253,Allard,Belchambers,abelchambers70@xinhuanet.com,7,61,87,76,Accounting,91,United Kingdom,true
254,Alli,Hiscoke,ahiscoke71@wp.com,7,62,91,84,Research and Development,80,Russia,false
255,Oralla,Dinjes,odinjes72@pinterest.com,8,55,53,85,Engineering,89,Russia,true
256,Saloma,Coston,scoston73@wikia.com,9,74,72,55,Research and Development,87,Russia,false
257,Betsey,Loudon,bloudon74@google.it,8,90,70,84,Product Management,93,Russia,false
258,Elinore,Dassindale,edassindale75@epa.gov,8,87,82,95,Legal,96,Russia,false
259,Christos,Nott,cnott76@chronoengine.com,5,58,50,77,Legal,88,Kazakhstan,true
260,Aaron,MacMeanma,amacmeanma77@cocolog-nifty.com,7,84,56,56,Accounting,92,Russia,true
261,Dan,Ilyin,dilyin78@discovery.com,5,85,58,58,Engineering,98,Russia,true
262,Gwen,Rosenbloom,grosenbloom79@360.cn,7,94,66,69,Services,86,United States,true
263,Hermia,Turrell,hturrell7a@nifty.com,9,86,96,52,Services,98,Russia,true
264,Far,Oddie,foddie7b@aboutads.info,8,62,78,53,Legal,83,Russia,true
265,Merissa,Libermore,mlibermore7c@mediafire.com,9,89,53,76,Marketing,99,Russia,true
266,Jeanne,Neads,jneads7d@japanpost.jp,8,60,93,91,Human Resources,80,Russia,false
267,Kriste,D'orsay,kdorsay7e@4shared.com,6,85,74,89,Support,97,Russia,true
268,Moreen,Faunch,mfaunch7f@twitter.com,8,55,67,71,Research and Development,86,Russia,true
269,Lanita,Standish-Brooks,lstandishbrooks7g@typepad.com,7,91,96,81,Support,84,United States,true
270,Coleen,Schukert,cschukert7h@pbs.org,5,91,67,73,Services,83,Russia,false
271,Cosme,Strettell,cstrettell7i@chicagotribune.com,9,64,90,52,Engineering,100,Russia,false
272,Cathrin,Sterrick,csterrick7j@stanford.edu,6,65,62,58,Engineering,96,Russia,true
273,Rowan,Leindecker,rleindecker7k@telegraph.co.uk,6,65,72,59,Legal,85,Russia,false
274,Lane,Blakely,lblakely7l@mail.ru,9,55,61,58,Product Management,82,Russia,false
275,Viviana,ducarme,vducarme7m@ucoz.ru,9,85,78,70,Sales,95,Russia,false
276,Vyky,Mangenot,vmangenot7n@indiatimes.com,9,63,54,93,Product Management,89,United States,true
277,Bobby,Linturn,blinturn7o@who.int,9,53,83,79,Services,98,Russia,true
278,Oby,Petch,opetch7p@tripadvisor.com,5,95,81,51,Human Resources,82,Russia,false
279,Prudi,Looker,plooker7q@tamu.edu,5,81,91,50,Accounting,98,Russia,true
280,Rube,Kenworthey,rkenworthey7r@1688.com,6,94,54,81,Human Resources,94,Russia,true
281,Adolphus,Iannitti,aiannitti7s@ca.gov,5,62,58,94,Marketing,85,Russia,false
282,Swen,Barthorpe,sbarthorpe7t@ihg.com,8,75,96,50,Support,90,Russia,true
283,Danny,Kumaar,dkumaar7u@paginegialle.it,9,77,66,50,Training,93,United States,true
284,Kendal,Kiley,kkiley7v@google.com,7,95,95,73,Business Development,99,United States,true
285,Marleah,Gration,mgration7w@tripadvisor.com,7,87,72,89,Training,82,Russia,false
286,Donaugh,Berrisford,dberrisford7x@opera.com,6,63,66,60,Engineering,92,Russia,true
287,Bearnard,Yersin,byersin7y@google.ru,5,59,52,51,Human Resources,88,United States,true
288,Rodolph,Garrood,rgarrood7z@who.int,6,96,83,78,Sales,94,United Kingdom,true
289,Sean,Tipperton,stipperton80@sciencedaily.com,9,86,86,65,Engineering,89,Russia,false
290,Sylas,Thame,sthame81@blogspot.com,9,72,73,90,Human Resources,99,Russia,false
291,Noel,April,napril82@boston.com,9,88,79,79,Research and Development,91,Russia,false
292,Iver,McQuaide,imcquaide83@opera.com,6,96,95,78,Support,85,United States,true
293,Bradan,Sudron,bsudron84@lulu.com,6,93,91,53,Legal,87,United States,false
294,Adel,Abson,aabson85@sogou.com,7,75,68,71,Legal,82,Russia,true
295,Margette,Gilbody,mgilbody86@gmpg.org,5,59,60,77,Research and Development,94,Russia,false
296,Xylia,Boleyn,xboleyn87@guardian.co.uk,6,65,61,73,Research and Development,83,Kazakhstan,true
297,Glenda,Liepina,gliepina88@springer.com,7,92,68,69,Sales,83,Russia,true
298,Shermy,Head,shead89@princeton.edu,5,62,58,52,Product Management,81,United States,true
299,Cortie,Trimby,ctrimby8a@springer.com,6,95,73,64,Sales,83,Russia,false
300,Osbourn,Boodell,oboodell8b@un.org,9,64,77,86,Business Development,100,Russia,false
301,Brander,Wenden,bwenden8c@mediafire.com,6,66,62,68,Business Development,80,United States,false
302,Reggi,McLanachan,rmclanachan8d@gnu.org,5,74,78,95,Accounting,88,United States,false
303,Addia,Cud,acud8e@globo.com,7,71,94,76,Sales,98,Russia,false
304,Hersch,Dyett,hdyett8f@foxnews.com,8,64,83,71,Support,80,Russia,false
305,Glennis,Cokayne,gcokayne8g@histats.com,7,88,66,78,Legal,89,Russia,false
306,Ingrim,Sambedge,isambedge8h@indiatimes.com,7,65,54,94,Sales,100,Russia,false
307,Aurelia,Ibotson,aibotson8i@furl.net,9,78,52,70,Services,86,Russia,false
308,Hetti,Berthon,hberthon8j@chron.com,7,51,92,85,Training,82,Kazakhstan,true
309,Halimeda,Matous,hmatous8k@jugem.jp,7,56,81,75,Product Management,99,Russia,false
310,Karry,Leaman,kleaman8l@jalbum.net,7,77,96,77,Business Development,100,Russia,true
311,Gigi,Karpol,gkarpol8m@yahoo.com,7,56,77,51,Human Resources,97,Russia,false
312,Lulita,Shird,lshird8n@blogger.com,6,72,85,92,Legal,100,Russia,false
313,Worden,Haspineall,whaspineall8o@github.io,7,79,69,70,Accounting,83,Russia,true
314,Klarika,Saywood,ksaywood8p@jalbum.net,5,83,93,90,Support,100,United States,false
315,Krisha,Hamper,khamper8q@google.pl,5,92,91,52,Support,98,Russia,false
316,Ellary,Cull,ecull8r@com.com,6,54,91,68,Training,83,Kazakhstan,true
317,Wood,Hubberstey,whubberstey8s@noaa.gov,9,75,88,58,Support,94,Russia,true
318,Ode,Redd,oredd8t@cdbaby.com,9,55,66,90,Legal,92,Russia,false
319,Dorri,Witty,dwitty8u@sitemeter.com,7,95,65,94,Human Resources,88,United States,false
320,Roda,Ledson,rledson8v@skyrock.com,5,53,64,90,Support,93,Russia,false
321,Burr,Stagg,bstagg8w@yellowpages.com,7,75,79,59,Legal,82,Russia,false
322,Coraline,Teague,cteague8x@comcast.net,5,89,87,58,Legal,92,Russia,false
323,Elmer,Dopson,edopson8y@de.vu,5,64,50,67,Accounting,90,United States,true
324,Luelle,Shadbolt,lshadbolt8z@a8.net,6,69,78,83,Training,82,Russia,false
325,Phyllis,Grigolon,pgrigolon90@psu.edu,5,52,92,92,Support,97,Russia,true
326,Sergio,Elcock,selcock91@google.com.hk,8,77,80,60,Support,88,Russia,true
327,Danit,Lillistone,dlillistone92@clickbank.net,9,71,85,67,Human Resources,94,United States,false
328,Lezley,Everex,leverex93@un.org,8,58,78,89,Sales,99,Russia,false
329,Rachael,O'Brien,robrien94@ed.gov,8,66,68,89,Services,84,Russia,true
330,Rhiamon,Gabbott,rgabbott95@cyberchimps.com,8,54,81,80,Research and Development,84,Russia,true
331,Ranna,Asprey,rasprey96@mapquest.com,7,56,63,80,Services,94,United States,false
332,Lanie,Peterken,lpeterken97@rakuten.co.jp,6,71,68,86,Product Management,92,India,true
333,Andi,D' Angelo,adangelo98@theglobeandmail.com,7,82,82,78,Marketing,84,Russia,false
334,Elsbeth,Brosi,ebrosi99@scientificamerican.com,7,53,61,89,Marketing,82,United States,true
335,Jens,Fritschel,jfritschel9a@gravatar.com,8,81,85,81,Support,91,United States,true
336,Josey,McKay,jmckay9b@imgur.com,8,92,93,91,Training,91,Kazakhstan,false
337,Kelbee,Iacofo,kiacofo9c@so-net.ne.jp,7,59,80,66,Human Resources,93,Russia,false
338,Walsh,Lilloe,wlilloe9d@blogs.com,8,78,91,69,Legal,86,United States,false
339,Trisha,Sappson,tsappson9e@facebook.com,7,91,86,77,Marketing,88,Russia,true
340,Matty,Reeders,mreeders9f@dot.gov,6,74,51,67,Training,96,United States,true
341,Pepi,Paskin,ppaskin9g@bizjournals.com,9,57,89,62,Support,95,Russia,true
342,Emile,Ivanshintsev,eivanshintsev9h@aboutads.info,6,94,53,89,Marketing,99,Russia,false
343,Hamlin,Stapforth,hstapforth9i@utexas.edu,9,96,92,55,Research and Development,97,United States,false
344,Ethelyn,Keford,ekeford9j@mail.ru,6,61,58,79,Services,100,Kazakhstan,false
345,Terra,Simenot,tsimenot9k@time.com,8,50,79,60,Sales,90,Russia,true
346,Eli,Merner,emerner9l@icio.us,5,75,66,57,Business Development,100,United States,false
347,Diego,Richley,drichley9m@blogs.com,5,67,53,96,Sales,98,Russia,true
348,Cicily,Tittletross,ctittletross9n@fda.gov,7,63,76,64,Product Management,97,Russia,true
349,Kial,Height,kheight9o@un.org,7,69,96,86,Research and Development,95,Russia,false
350,Biron,Simison,bsimison9p@livejournal.com,8,62,70,68,Sales,99,Russia,false
351,Meridith,Aristide,maristide9q@nymag.com,8,96,62,87,Engineering,94,Russia,false
352,Grady,Follitt,gfollitt9r@squarespace.com,9,57,78,78,Product Management,92,United States,false
353,Benedikt,Egdell,begdell9s@blinklist.com,7,74,54,80,Business Development,91,United States,false
354,Isadore,Gaither,igaither9t@people.com.cn,5,74,90,90,Product Management,97,Russia,true
355,Keene,Stain,kstain9u@bluehost.com,8,96,52,53,Accounting,80,United States,false
356,Rafaelita,Wylder,rwylder9v@google.de,9,54,62,81,Sales,100,United States,true
357,Philipa,Hendrick,phendrick9w@weather.com,9,83,80,61,Product Management,81,Russia,false
358,Corenda,Prandi,cprandi9x@auda.org.au,5,94,94,74,Support,87,United States,false
359,Delmor,Eldon,deldon9y@mapy.cz,7,65,57,71,Product Management,92,Russia,true
360,Leshia,Tarbet,ltarbet9z@bigcartel.com,6,85,81,50,Human Resources,82,United States,true
361,Blondy,Buckles,bbucklesa0@apple.com,9,85,54,68,Legal,100,United States,true
362,Cammy,Gladtbach,cgladtbacha1@paypal.com,9,60,66,71,Sales,91,Russia,true
363,Lauralee,Simonot,lsimonota2@posterous.com,6,54,55,73,Support,84,United States,true
364,Antonietta,Kmietsch,akmietscha3@noaa.gov,9,87,90,71,Research and Development,94,United States,false
365,Kelci,Petroselli,kpetrosellia4@census.gov,8,70,85,52,Engineering,98,Russia,true
366,Linda,Tosney,ltosneya5@w3.org,7,76,70,68,Sales,95,Russia,true
367,Benson,O'Downe,bodownea6@opensource.org,8,66,82,79,Marketing,85,Russia,false
368,Halette,Martonfi,hmartonfia7@bloglines.com,8,66,69,66,Training,98,United States,false
369,Gretna,Briat,gbriata8@redcross.org,5,60,86,61,Marketing,94,Russia,false
370,Gabrila,Housego,ghousegoa9@list-manage.com,8,52,52,91,Legal,92,Russia,false
371,Barnabe,Cadge,bcadgeaa@nhs.uk,6,67,60,55,Engineering,80,Russia,true
372,Constantin,Ablitt,cablittab@tuttocitta.it,6,60,79,92,Legal,94,United States,true
373,Allyson,Keyser,akeyserac@cargocollective.com,7,84,75,62,Services,80,Russia,false
374,Fifi,Hulson,fhulsonad@parallels.com,5,65,84,69,Legal,81,Russia,false
375,Janenna,Middleditch,jmiddleditchae@webs.com,9,74,71,76,Marketing,84,United States,false
376,Mallorie,Gronou,mgronouaf@acquirethisname.com,6,79,81,78,Legal,81,Kazakhstan,true
377,Berna,Becerro,bbecerroag@plala.or.jp,5,77,89,63,Legal,89,Russia,false
378,Kaiser,Batchellor,kbatchellorah@businessinsider.com,9,61,69,56,Business Development,81,Russia,false
379,Alida,Letchford,aletchfordai@bing.com,5,95,74,50,Sales,94,United States,true
380,Alden,Beinke,abeinkeaj@cornell.edu,9,79,91,58,Sales,84,Kazakhstan,true
381,Ibrahim,Atcock,iatcockak@tripod.com,7,92,92,60,Accounting,99,Russia,false
382,Truman,Dealey,tdealeyal@booking.com,9,56,86,86,Support,93,United Kingdom,false
383,Otto,Rosenberger,orosenbergeram@tiny.cc,9,61,67,68,Sales,94,Russia,false
384,Ame,Pratten,aprattenan@domainmarket.com,9,90,50,87,Research and Development,88,Russia,true
385,Putnem,Flieg,pfliegao@ucsd.edu,9,57,93,76,Research and Development,93,Russia,true
386,Ariela,Bruce,abruceap@clickbank.net,5,69,76,77,Business Development,92,Kazakhstan,false
387,Daniele,Garrie,dgarrieaq@storify.com,6,60,92,80,Training,90,Russia,false
388,Panchito,Keeble,pkeeblear@virginia.edu,9,51,70,81,Engineering,87,Russia,false
389,Godfrey,Duker,gdukeras@mayoclinic.com,6,56,60,61,Support,83,Russia,true
390,Wini,Belf,wbelfat@people.com.cn,7,84,63,93,Research and Development,84,United States,true
391,Evelina,Climar,eclimarau@nba.com,9,64,85,58,Marketing,86,United States,true
392,Gerik,Burden,gburdenav@digg.com,7,70,87,56,Services,93,Russia,true
393,Shaughn,Cropper,scropperaw@ox.ac.uk,5,60,74,80,Marketing,94,Russia,true
394,Bessy,Connick,bconnickax@gmpg.org,8,79,64,87,Services,83,United Kingdom,true
395,Willi,OIlier,woilieray@newyorker.com,8,58,78,67,Engineering,84,Russia,true
396,Dominique,Geroldini,dgeroldiniaz@hhs.gov,8,87,68,69,Research and Development,85,Russia,true
397,Herman,Gallihaulk,hgallihaulkb0@newyorker.com,5,89,52,89,Sales,90,Kazakhstan,true
398,Mil,Connealy,mconnealyb1@senate.gov,8,86,84,96,Services,100,Russia,false
399,Darin,Pretti,dprettib2@bravesites.com,8,80,69,71,Sales,98,United States,false
400,Delcina,Caselick,dcaselickb3@un.org,9,90,92,50,Training,85,Russia,true
401,Abbe,Coldbath,acoldbathb4@gizmodo.com,5,75,78,64,Training,85,Russia,false
402,Tessa,Millis,tmillisb5@guardian.co.uk,5,87,77,96,Sales,80,United States,false
403,Whitaker,Twentyman,wtwentymanb6@hhs.gov,9,70,75,65,Legal,95,Russia,true
404,Janella,Martusewicz,jmartusewiczb7@gravatar.com,9,89,74,91,Engineering,98,Russia,false
405,Dolorita,MacLese,dmacleseb8@drupal.org,7,76,96,95,Research and Development,93,Kazakhstan,false
406,Casi,Litherborough,clitherboroughb9@who.int,6,68,75,51,Human Resources,99,Russia,true
407,Wayland,Beaven,wbeavenba@gravatar.com,6,52,76,71,Engineering,99,Russia,true
408,Algernon,Overstall,aoverstallbb@globo.com,7,88,51,87,Sales,86,Russia,false
409,Milty,Lusher,mlusherbc@sina.com.cn,9,62,54,55,Training,86,Russia,true
410,Corey,Danford,cdanfordbd@pbs.org,5,82,72,55,Engineering,82,Russia,true
411,Georgi,Lathey,glatheybe@timesonline.co.uk,8,88,56,71,Services,92,Russia,true
412,Baxy,Machan,bmachanbf@admin.ch,7,93,94,52,Research and Development,94,Russia,false
413,Corney,Muffitt,cmuffittbg@canalblog.com,6,64,56,65,Legal,93,Russia,false
414,Rosalia,Surcomb,rsurcombbh@blinklist.com,5,93,88,87,Legal,88,Russia,false
415,Linette,Antuoni,lantuonibi@netscape.com,8,77,54,77,Product Management,92,Russia,false
416,Kenyon,Proback,kprobackbj@intel.com,9,58,79,52,Legal,81,Russia,true
417,Jack,Wickardt,jwickardtbk@wikia.com,5,68,83,82,Services,87,Russia,false
418,Homere,Kik,hkikbl@de.vu,8,89,67,87,Business Development,99,Russia,true
419,Ross,Pratte,rprattebm@cbc.ca,7,77,62,72,Accounting,98,Russia,false
420,Siffre,Laden,sladenbn@360.cn,9,54,77,51,Sales,81,Russia,false
421,Clerkclaude,Besemer,cbesemerbo@mediafire.com,6,60,66,93,Research and Development,99,Russia,true
422,Obie,Hindhaugh,ohindhaughbp@bravesites.com,8,82,72,81,Product Management,98,Russia,false
423,Carly,McAlroy,cmcalroybq@jiathis.com,9,92,50,74,Business Development,99,Russia,false
424,Rowena,Trinder,rtrinderbr@earthlink.net,6,62,78,62,Support,97,United States,true
425,Oswell,Bartolommeo,obartolommeobs@whitehouse.gov,8,94,58,83,Engineering,95,Kazakhstan,true
426,Roarke,Bulter,rbulterbt@about.me,6,61,71,93,Product Management,80,Russia,false
427,Theodoric,Gaskin,tgaskinbu@angelfire.com,9,67,94,61,Business Development,94,Russia,false
428,Crystie,Disney,cdisneybv@free.fr,5,92,65,77,Support,83,Russia,true
429,Harper,Maughan,hmaughanbw@springer.com,6,77,94,89,Support,85,Russia,true
430,Shaylah,Shovel,sshovelbx@ft.com,6,72,96,70,Human Resources,90,Russia,true
431,Carla,Sprull,csprullby@skyrock.com,9,90,80,54,Marketing,86,Russia,false
432,Nadya,Bamber,nbamberbz@dailymotion.com,5,96,68,51,Marketing,83,Russia,true
433,Gradeigh,Scrivenor,gscrivenorc0@free.fr,8,74,74,68,Human Resources,100,Russia,true
434,Peggy,Stopforth,pstopforthc1@artisteer.com,5,76,85,54,Support,84,Kazakhstan,true
435,Dorris,Ibbeson,dibbesonc2@thetimes.co.uk,6,84,94,86,Human Resources,87,United States,true
436,Ruperta,Yellowlees,ryellowleesc3@mit.edu,7,65,87,83,Services,99,Russia,false
437,Ignatius,Iannazzi,iiannazzic4@hibu.com,8,70,65,85,Support,86,Russia,true
438,Dosi,Czaja,dczajac5@icio.us,6,94,53,78,Human Resources,90,Russia,true
439,Fiona,Besse,fbessec6@senate.gov,6,86,88,85,Training,95,Russia,true
440,Crin,Neal,cnealc7@answers.com,8,96,81,66,Product Management,86,Russia,true
441,Ardith,Tyne,atynec8@clickbank.net,7,68,51,50,Accounting,95,Russia,false
442,Pattie,Bischop,pbischopc9@free.fr,8,50,70,84,Marketing,98,Russia,false
443,Rickie,Ratchford,rratchfordca@cdc.gov,7,67,67,67,Sales,96,Russia,false
444,Robinet,Caldwall,rcaldwallcb@meetup.com,7,93,53,61,Training,84,Russia,false
445,Herman,Bulstrode,hbulstrodecc@si.edu,8,84,52,55,Research and Development,93,Russia,false
446,Jewel,Vobes,jvobescd@dagondesign.com,7,52,56,86,Support,92,Russia,true
447,Levy,Winspar,lwinsparce@mozilla.com,8,87,83,75,Services,85,United States,true
448,Katleen,McCaffery,kmccafferycf@histats.com,6,55,55,87,Support,94,Russia,true
449,Kelsi,Pruvost,kpruvostcg@reddit.com,9,53,60,78,Marketing,86,Russia,false
450,Nehemiah,Brass,nbrassch@nasa.gov,7,91,65,61,Services,85,Russia,true
451,Derrick,McCrystal,dmccrystalci@rediff.com,5,74,64,73,Product Management,97,Russia,true
452,Ruggiero,Langstone,rlangstonecj@jigsy.com,5,65,68,73,Training,85,Russia,true
453,Bradley,Naptin,bnaptinck@stanford.edu,5,71,94,68,Business Development,84,Russia,true
454,Brig,Druce,bdrucecl@sitemeter.com,5,82,92,72,Sales,95,Russia,true
455,Teodora,Walak,twalakcm@homestead.com,7,86,51,53,Sales,93,United States,true
456,Indira,Hawker,ihawkercn@squarespace.com,9,56,78,93,Support,97,Russia,false
457,Adora,Addams,aaddamsco@printfriendly.com,6,80,76,75,Research and Development,91,Russia,false
458,Tudor,Lyddon,tlyddoncp@mlb.com,8,50,54,69,Training,91,Russia,true
459,Ilka,Caltun,icaltuncq@sciencedirect.com,5,58,79,77,Engineering,80,Russia,true
460,Arte,Bambrick,abambrickcr@nsw.gov.au,9,68,52,54,Support,95,United States,false
461,Margaret,Gadesby,mgadesbycs@pbs.org,7,76,72,71,Services,98,Russia,true
462,Bret,Standrin,bstandrinct@nbcnews.com,9,56,83,52,Sales,99,Russia,false
463,Corliss,Keeling,ckeelingcu@cargocollective.com,8,65,72,51,Accounting,82,Russia,false
464,Marlowe,Harriot,mharriotcv@cyberchimps.com,6,58,73,83,Accounting,91,Kazakhstan,false
465,Ebenezer,de Vaen,edevaencw@imgur.com,8,86,96,81,Marketing,91,Russia,true
466,Merilyn,Medmore,mmedmorecx@blogger.com,5,67,95,93,Legal,83,Kazakhstan,false
467,Tito,O'Keefe,tokeefecy@1688.com,9,95,58,82,Business Development,92,United States,false
468,Trish,Aries,tariescz@xrea.com,9,70,69,93,Support,83,Kazakhstan,true
469,Jamie,Fearn,jfearnd0@rakuten.co.jp,9,80,56,66,Accounting,80,United States,true
470,Ortensia,Blunsom,oblunsomd1@yahoo.com,5,52,93,96,Sales,96,Russia,true
471,Mitchell,Addicote,maddicoted2@gmpg.org,9,51,83,63,Research and Development,82,United States,false
472,Kirsteni,Sandiland,ksandilandd3@360.cn,5,96,93,53,Sales,96,Russia,false
473,Mikol,Tye,mtyed4@amazon.co.jp,7,51,74,76,Marketing,84,Russia,false
474,Orland,Appleby,oapplebyd5@digg.com,6,84,86,80,Research and Development,90,Russia,true
475,Sauveur,Tollemache,stollemached6@spotify.com,6,59,61,51,Product Management,84,United States,true
476,Nickola,Bonevant,nbonevantd7@about.com,8,71,65,88,Support,89,Russia,false
477,Ginelle,Dummett,gdummettd8@salon.com,9,96,76,71,Product Management,99,Russia,true
478,Lorianne,Hauxby,lhauxbyd9@ovh.net,6,70,95,57,Engineering,94,Russia,false
479,Marian,Witt,mwittda@networkadvertising.org,6,87,86,86,Training,94,Russia,true
480,Porter,Verrill,pverrilldb@pbs.org,5,52,92,64,Training,95,Russia,false
481,Herbert,Astin,hastindc@smh.com.au,5,67,52,95,Legal,90,Russia,true
482,Marylou,Colisbe,mcolisbedd@addtoany.com,8,91,72,65,Training,96,United States,false
483,Hewet,Measham,hmeashamde@google.com.hk,8,88,64,61,Services,98,Russia,true
484,Patty,Saing,psaingdf@tinyurl.com,7,71,82,51,Support,87,United States,true
485,Duke,Sheivels,dsheivelsdg@dot.gov,8,70,96,83,Support,98,Russia,false
486,Lilly,Kuzemka,lkuzemkadh@ed.gov,9,72,80,56,Engineering,84,Kazakhstan,true
487,Richardo,Folkard,rfolkarddi@g.co,6,52,68,96,Services,88,Russia,false
488,Evangeline,Laneham,elanehamdj@woothemes.com,8,65,68,60,Marketing,94,Russia,true
489,Ives,Coldwell,icoldwelldk@chicagotribune.com,7,83,71,95,Training,95,United States,false
490,Arnie,Ohrt,aohrtdl@oracle.com,6,69,74,96,Marketing,94,United States,true
491,Violante,Devericks,vdevericksdm@themeforest.net,5,78,62,75,Support,96,Russia,true
492,Sibel,Collet,scolletdn@diigo.com,7,79,60,86,Legal,95,United Kingdom,false
493,Sarajane,Keatch,skeatchdo@prlog.org,9,77,78,96,Engineering,99,Russia,false
494,Scott,Leveridge,sleveridgedp@shutterfly.com,5,93,79,89,Marketing,91,United States,false
495,Arvie,Ambroise,aambroisedq@wisc.edu,5,55,86,89,Engineering,100,United States,false
496,Jeanne,Reah,jreahdr@ycombinator.com,9,79,71,56,Human Resources,82,Russia,false
497,Flossy,Kenwright,fkenwrightds@forbes.com,8,94,60,63,Sales,85,United States,true
498,Harmonie,Milsted,hmilsteddt@symantec.com,9,77,93,63,Services,89,Russia,false
499,Allianora,Zanelli,azanellidu@mac.com,7,91,91,56,Sales,86,Russia,true
500,Roderich,Metcalf,rmetcalfdv@toplist.cz,8,86,73,61,Research and Development,81,Russia,true
501,Charlotta,Dignon,cdignondw@cocolog-nifty.com,8,89,85,91,Support,80,Russia,false
502,Eddie,Ocheltree,eocheltreedx@xing.com,5,60,62,54,Accounting,97,Russia,false
503,Otis,Niesel,onieseldy@businessinsider.com,7,72,75,81,Support,98,Russia,false
504,Simone,Baversor,sbaversordz@java.com,8,73,95,65,Marketing,87,United States,true
505,Gran,Labb,glabbe0@who.int,6,74,82,76,Training,80,United States,false
506,Lisette,Sahlstrom,lsahlstrome1@cbslocal.com,8,60,90,57,Training,84,United States,false
507,Ursuline,Tindall,utindalle2@craigslist.org,9,79,73,53,Marketing,95,United States,true
508,Kellie,Yvens,kyvense3@harvard.edu,6,80,50,73,Legal,81,Russia,true
509,Danice,Stickney,dstickneye4@intel.com,6,74,90,53,Services,100,United States,true
510,Giffer,Sheer,gsheere5@cpanel.net,9,55,71,70,Engineering,100,United States,false
511,Helli,Rapaport,hrapaporte6@bravesites.com,6,80,90,76,Engineering,92,Kazakhstan,true
512,Ami,McKenna,amckennae7@admin.ch,6,74,78,75,Engineering,94,United States,true
513,Donica,Armin,darmine8@bbc.co.uk,5,86,93,77,Human Resources,87,Russia,false
514,Loralee,Bernolet,lbernolete9@gravatar.com,9,53,52,71,Business Development,94,Russia,true
515,Birgitta,Whanstall,bwhanstallea@va.gov,7,73,50,76,Human Resources,81,Russia,false
516,Trula,Hasloch,thaslocheb@sun.com,6,66,82,72,Human Resources,99,Russia,true
517,Shurlocke,Oehme,soehmeec@vimeo.com,5,87,73,53,Support,80,United States,true
518,Fifine,Dougharty,fdoughartyed@cdc.gov,6,71,74,57,Services,82,Russia,false
519,Shanna,Tarr,starree@amazon.de,8,52,94,65,Research and Development,87,Kazakhstan,true
520,Allin,Orleton,aorletonef@wired.com,6,79,50,56,Human Resources,95,Russia,true
521,Flemming,Pedreschi,fpedreschieg@ucsd.edu,7,89,67,80,Human Resources,96,Russia,true
522,Minnnie,Gilbard,mgilbardeh@goodreads.com,5,60,89,64,Legal,89,Russia,true
523,Field,Trenouth,ftrenouthei@netvibes.com,6,85,87,96,Services,87,Russia,false
524,Cary,Choppen,cchoppenej@wikimedia.org,6,50,91,80,Product Management,85,Russia,true
525,Dionis,Betteson,dbettesonek@xrea.com,5,74,95,86,Human Resources,82,Russia,true
526,Corbin,Chipchase,cchipchaseel@hao123.com,8,65,89,91,Marketing,82,Russia,false
527,Pollyanna,Neachell,pneachellem@narod.ru,6,51,92,95,Human Resources,90,Russia,true
528,Juieta,Casebourne,jcasebourneen@oaic.gov.au,8,54,78,58,Accounting,82,Russia,true
529,Link,Luetkemeyer,lluetkemeyereo@xrea.com,5,60,59,59,Services,88,Russia,false
530,Emylee,Keuneke,ekeunekeep@boston.com,8,84,84,68,Sales,93,United States,true
531,Deirdre,Kitchenman,dkitchenmaneq@auda.org.au,9,52,59,94,Engineering,92,Russia,false
532,Chrissie,Maase,cmaaseer@ed.gov,7,75,60,82,Services,89,Russia,true
533,Rebecka,Viall,rvialles@clickbank.net,7,75,50,74,Product Management,85,Russia,false
534,Constancy,Prestney,cprestneyet@bandcamp.com,5,70,53,66,Engineering,86,Russia,false
535,Elle,Gostyke,egostykeeu@themeforest.net,5,88,65,83,Services,95,United States,false
536,Adrien,Dobing,adobingev@cornell.edu,7,60,75,57,Sales,93,Russia,true
537,Desiri,Grigorushkin,dgrigorushkinew@clickbank.net,5,96,63,58,Accounting,92,Russia,true
538,Rafferty,Arnopp,rarnoppex@whitehouse.gov,7,50,56,94,Business Development,92,Russia,true
539,Dulcie,Anyene,danyeneey@surveymonkey.com,9,56,64,52,Accounting,85,Russia,true
540,Ericka,Ick,eickez@jimdo.com,8,62,94,68,Sales,88,Kazakhstan,true
541,Aprilette,Noah,anoahf0@wix.com,5,69,94,57,Sales,93,Russia,false
542,Rogers,Witherden,rwitherdenf1@google.com.hk,8,74,59,96,Product Management,81,Russia,true
543,Blisse,Clere,bcleref2@prnewswire.com,7,64,94,78,Legal,89,Russia,false
544,Bradford,Hepher,bhepherf3@nytimes.com,8,84,50,84,Services,84,Russia,true
545,Lyssa,Perkins,lperkinsf4@symantec.com,7,74,65,96,Product Management,99,United States,true
546,Consuelo,Verrall,cverrallf5@imdb.com,5,73,56,56,Training,100,United States,true
547,Claiborne,Suett,csuettf6@github.io,8,59,95,56,Product Management,94,Russia,true
548,David,Kidston,dkidstonf7@yale.edu,9,72,59,51,Business Development,87,Russia,true
549,Solly,Maase,smaasef8@guardian.co.uk,6,86,80,90,Legal,85,Russia,false
550,Arliene,Gerholz,agerholzf9@alibaba.com,5,96,79,92,Sales,94,Russia,true
551,Prentice,Woodyeare,pwoodyearefa@flavors.me,7,71,63,81,Services,91,Russia,true
552,Elonore,Holmyard,eholmyardfb@reddit.com,7,76,70,59,Training,91,United States,true
553,Jobina,Liversage,jliversagefc@japanpost.jp,8,53,88,55,Sales,81,Russia,true
554,Sonja,Leverett,sleverettfd@g.co,5,69,62,70,Services,87,Russia,false
555,Bron,Petrescu,bpetrescufe@scientificamerican.com,7,83,50,74,Human Resources,83,Russia,true
556,Zonda,Lillicrap,zlillicrapff@infoseek.co.jp,9,95,88,82,Marketing,88,Russia,false
557,Niles,Kolodziej,nkolodziejfg@cnbc.com,7,68,58,59,Legal,99,United States,true
558,Giffy,Spurway,gspurwayfh@typepad.com,8,57,60,93,Research and Development,89,Russia,true
559,Denny,Welton,dweltonfi@xrea.com,5,95,53,68,Human Resources,89,Russia,false
560,Haskel,Barwis,hbarwisfj@mac.com,5,51,66,96,Marketing,93,Russia,false
561,Maurise,Jeskins,mjeskinsfk@sphinn.com,8,67,80,60,Legal,85,Russia,false
562,Petrina,Weitzel,pweitzelfl@storify.com,6,63,86,91,Business Development,85,Russia,true
563,Branden,Pickerell,bpickerellfm@domainmarket.com,6,63,50,82,Product Management,86,United States,false
564,Farr,Skillen,fskillenfn@is.gd,8,85,60,72,Legal,88,Russia,true
565,Trev,Smissen,tsmissenfo@umn.edu,7,78,70,85,Product Management,84,Russia,false
566,Berkeley,Yuryichev,byuryichevfp@hibu.com,6,58,83,58,Marketing,93,United States,false
567,Lorain,Balam,lbalamfq@g.co,6,95,81,51,Marketing,89,Kazakhstan,true
568,Antonia,Lougheed,alougheedfr@istockphoto.com,5,51,80,90,Accounting,94,Russia,true
569,Ray,Sidle,rsidlefs@ovh.net,5,65,60,96,Research and Development,98,Russia,false
570,Jewell,Swaton,jswatonft@bbb.org,7,57,93,66,Marketing,92,Russia,true
571,Alyse,Cassius,acassiusfu@dyndns.org,9,93,88,78,Human Resources,95,Russia,true
572,Petunia,Mauger,pmaugerfv@ning.com,7,81,90,53,Engineering,81,Russia,false
573,Jacqui,Placide,jplacidefw@macromedia.com,9,70,68,89,Marketing,92,Russia,false
574,Starr,Colvin,scolvinfx@cisco.com,6,50,52,74,Research and Development,97,Russia,true
575,Gibby,Habbershon,ghabbershonfy@netlog.com,8,65,65,66,Accounting,97,Kazakhstan,true
576,Annabella,Thumim,athumimfz@printfriendly.com,7,71,71,56,Services,94,Russia,true
577,Berkeley,Avrahamian,bavrahamiang0@infoseek.co.jp,7,55,77,59,Sales,87,Kazakhstan,true
578,Wit,Fri,wfrig1@geocities.jp,9,88,93,81,Human Resources,96,United States,false
579,Irma,Bertwistle,ibertwistleg2@xrea.com,9,78,76,64,Business Development,85,Russia,true
580,Nikos,Bermingham,nberminghamg3@list-manage.com,7,69,75,70,Marketing,84,United States,false
581,Karee,Crockatt,kcrockattg4@wix.com,8,72,51,61,Business Development,90,Russia,true
582,Sam,Kreutzer,skreutzerg5@pcworld.com,8,73,83,71,Research and Development,93,Russia,false
583,Athene,Phinnis,aphinnisg6@deviantart.com,8,84,81,79,Support,80,Kazakhstan,false
584,Malvin,Beadell,mbeadellg7@unblog.fr,6,59,73,62,Human Resources,99,Russia,true
585,Georges,Isherwood,gisherwoodg8@deliciousdays.com,7,57,61,86,Legal,94,Russia,true
586,Verna,Dressel,vdresselg9@msn.com,8,90,77,79,Product Management,99,United States,true
587,Nowell,Murford,nmurfordga@whitehouse.gov,5,60,69,89,Marketing,86,United States,true
588,Gav,Ropars,groparsgb@nature.com,7,83,52,84,Support,100,United States,false
589,Dasie,Bohlsen,dbohlsengc@blogspot.com,7,76,69,87,Product Management,82,Russia,false
590,Shepperd,Wymer,swymergd@epa.gov,9,94,81,76,Accounting,87,Russia,true
591,Neal,Yoslowitz,nyoslowitzge@cbc.ca,6,80,96,59,Product Management,93,Russia,false
592,Ariadne,Doddemeede,adoddemeedegf@homestead.com,6,71,83,68,Business Development,95,Russia,false
593,Sheffy,Doogood,sdoogoodgg@4shared.com,7,95,70,75,Support,91,Russia,true
594,Beale,Vequaud,bvequaudgh@github.io,9,60,77,81,Accounting,84,United States,false
595,Matthiew,Hollibone,mhollibonegi@furl.net,7,81,59,79,Product Management,86,Russia,true
596,Stewart,Garrity,sgarritygj@hc360.com,5,58,96,70,Research and Development,96,United States,true
597,Abagail,McCaghan,amccaghangk@over-blog.com,9,78,78,71,Product Management,98,Russia,false
598,Angela,Ryton,arytongl@google.fr,6,57,73,94,Product Management,89,United States,true
599,Melitta,Crofthwaite,mcrofthwaitegm@bbc.co.uk,5,53,83,95,Marketing,87,Russia,false
600,Rana,Oakey,roakeygn@gnu.org,7,83,77,89,Accounting,89,Russia,true
601,Ezri,Setter,esettergo@storify.com,8,74,56,54,Product Management,96,Russia,true
602,Marcos,Lynch,mlynchgp@cnbc.com,6,54,76,73,Business Development,85,Russia,false
603,Rafferty,Cunniff,rcunniffgq@jimdo.com,7,89,84,51,Human Resources,85,Russia,true
604,Caroljean,Warbys,cwarbysgr@samsung.com,9,51,76,64,Business Development,97,Russia,false
605,Holt,Prydie,hprydiegs@csmonitor.com,7,77,84,57,Legal,99,Russia,false
606,Wilie,Challicum,wchallicumgt@imageshack.us,9,82,83,86,Engineering,93,United States,true
607,Marchelle,Lopez,mlopezgu@thetimes.co.uk,6,88,75,80,Training,98,Russia,true
608,Alexio,Ditch,aditchgv@ustream.tv,6,68,91,90,Marketing,93,Russia,false
609,Sheff,Esel,seselgw@thetimes.co.uk,5,66,70,52,Marketing,82,United States,true
610,Stuart,Treker,strekergx@ameblo.jp,6,50,73,58,Business Development,93,United States,false
611,Mireielle,Mulder,mmuldergy@nsw.gov.au,7,52,53,65,Training,88,Russia,true
612,Bobbee,Brabben,bbrabbengz@360.cn,9,74,58,63,Product Management,82,United States,true
613,Philip,Spenley,pspenleyh0@census.gov,9,56,82,50,Training,82,Russia,true
614,Duane,Gilpin,dgilpinh1@sbwire.com,9,53,58,80,Sales,80,Russia,true
615,Celka,Stubs,cstubsh2@discuz.net,8,93,50,54,Product Management,93,Russia,false
616,Penn,Watkins,pwatkinsh3@npr.org,9,50,94,90,Sales,88,United States,true
617,Toiboid,Sharman,tsharmanh4@google.it,7,66,62,86,Business Development,97,Russia,false
618,Ericha,Stute,estuteh5@dot.gov,9,92,77,70,Research and Development,93,United States,false
619,Lyndel,Fettes,lfettesh6@oaic.gov.au,7,77,64,87,Support,93,United States,false
620,Zaneta,Palluschek,zpalluschekh7@devhub.com,7,63,57,82,Engineering,81,Russia,true
621,Kirsteni,Kolodziejski,kkolodziejskih8@google.pl,6,64,56,57,Services,94,United States,true
622,Gerrard,Rillatt,grillatth9@abc.net.au,7,95,95,64,Sales,94,Russia,true
623,Casper,Robbs,crobbsha@umich.edu,7,93,80,57,Human Resources,98,Russia,false
624,Aristotle,Verbruggen,averbruggenhb@usatoday.com,8,50,88,89,Research and Development,88,United States,true
625,Libbie,Liveley,lliveleyhc@imageshack.us,7,90,55,94,Business Development,92,United States,true
626,Karl,Jolliss,kjollisshd@trellian.com,6,87,78,71,Human Resources,91,Russia,false
627,Katey,Oram,koramhe@networkadvertising.org,7,63,88,67,Training,93,Russia,false
628,Cathlene,Walisiak,cwalisiakhf@google.ca,8,85,53,91,Training,89,Russia,false
629,Fenelia,Hyndley,fhyndleyhg@4shared.com,5,58,60,64,Legal,99,Russia,true
630,Krystalle,Forth,kforthhh@tinypic.com,5,58,88,75,Training,81,Russia,true
631,Kalinda,Spadari,kspadarihi@ezinearticles.com,9,70,75,68,Support,97,United States,true
632,Sheff,Briscam,sbriscamhj@scientificamerican.com,6,71,62,65,Engineering,97,Russia,true
633,Shannon,Erangy,serangyhk@barnesandnoble.com,7,71,84,67,Accounting,87,Kazakhstan,true
634,Dolly,Grabert,dgraberthl@usa.gov,5,54,79,74,Legal,95,United States,true
635,Ingelbert,Spelman,ispelmanhm@deviantart.com,5,86,83,91,Training,93,Russia,false
636,Julieta,Tregust,jtregusthn@macromedia.com,7,89,90,59,Accounting,93,Russia,true
637,Pauli,Audry,paudryho@flavors.me,9,94,84,53,Accounting,96,United States,false
638,Jermayne,Bennett,jbennetthp@technorati.com,9,79,65,65,Product Management,100,Russia,true
639,Trudey,Tschirasche,ttschiraschehq@psu.edu,5,62,73,95,Marketing,87,Russia,false
640,Wanids,Jolliman,wjollimanhr@house.gov,5,63,73,60,Legal,93,United States,false
641,Maje,Muskett,mmusketths@marketwatch.com,8,51,61,54,Human Resources,80,Russia,true
642,Georg,Lobbe,globbeht@arizona.edu,7,88,60,91,Marketing,81,Kazakhstan,false
643,Stillmann,Ferrarotti,sferrarottihu@blogs.com,6,60,57,94,Engineering,95,Russia,true
644,Daron,Bartoshevich,dbartoshevichhv@google.com.hk,8,94,65,90,Services,83,Russia,false
645,Carena,Joerning,cjoerninghw@wunderground.com,5,89,54,95,Legal,83,United States,true
646,Allister,Frisch,afrischhx@ustream.tv,5,50,57,88,Engineering,95,United States,true
647,Nannie,Carrack,ncarrackhy@amazon.co.jp,6,55,53,82,Accounting,84,Russia,true
648,Deena,Battany,dbattanyhz@imdb.com,8,66,71,59,Product Management,92,Russia,false
649,Orin,Wastall,owastalli0@zdnet.com,7,82,73,60,Engineering,100,Russia,false
650,Odele,Barfield,obarfieldi1@cisco.com,9,73,86,85,Product Management,95,Russia,true
651,Allyce,Gogay,agogayi2@umn.edu,9,74,80,74,Legal,100,United Kingdom,false
652,Gibb,Borrie,gborriei3@nbcnews.com,5,73,70,93,Product Management,95,Russia,true
653,Hernando,Svanini,hsvaninii4@accuweather.com,8,82,64,76,Research and Development,81,United States,true
654,Sergio,Smallpeice,ssmallpeicei5@tamu.edu,8,65,84,80,Human Resources,81,United States,true
655,Naomi,Turpie,nturpiei6@samsung.com,7,69,88,73,Sales,85,Russia,true
656,Filberte,Meiklejohn,fmeiklejohni7@ow.ly,9,95,70,65,Product Management,97,Russia,true
657,Emelen,Jacobowicz,ejacobowiczi8@csmonitor.com,9,59,70,80,Human Resources,84,Russia,false
658,Julietta,Antosik,jantosiki9@alexa.com,9,57,81,91,Services,94,Russia,false
659,Jobi,Crudge,jcrudgeia@washingtonpost.com,8,93,54,74,Support,80,Russia,true
660,Stefanie,Karslake,skarslakeib@nyu.edu,9,52,64,91,Business Development,81,Russia,false
661,Adara,Mitchelhill,amitchelhillic@blogtalkradio.com,6,68,66,89,Product Management,94,Russia,true
662,Sean,Bletso,sbletsoid@linkedin.com,5,75,64,64,Product Management,85,Russia,false
663,Andrea,Fain,afainie@deliciousdays.com,7,78,71,66,Marketing,83,United States,true
664,Lizbeth,Hartil,lhartilif@nymag.com,5,92,56,91,Support,82,United States,true
665,Melva,Arnett,marnettig@umich.edu,5,71,65,64,Marketing,99,United States,false
666,Olivie,Mortimer,omortimerih@yahoo.co.jp,7,58,51,53,Support,90,United States,true
667,Evy,Noddings,enoddingsii@bravesites.com,5,70,81,72,Sales,84,Russia,true
668,Lilah,Mercey,lmerceyij@elpais.com,6,64,70,58,Support,82,United States,false
669,Dolli,Serrier,dserrierik@squarespace.com,6,53,80,91,Sales,96,Russia,false
670,Brina,Dolton,bdoltonil@123-reg.co.uk,8,73,63,55,Legal,87,Russia,false
671,Illa,Ephgrave,iephgraveim@1688.com,9,70,58,84,Services,95,Russia,false
672,Giuseppe,Berryann,gberryannin@youtube.com,6,75,84,82,Product Management,91,United States,true
673,Andre,McGorman,amcgormanio@ibm.com,5,65,63,90,Training,84,Russia,false
674,Giustino,Syfax,gsyfaxip@macromedia.com,9,91,56,72,Product Management,97,Russia,false
675,Terrance,Barhems,tbarhemsiq@netscape.com,8,61,55,61,Sales,89,Russia,false
676,Alameda,Skillern,askillernir@liveinternet.ru,5,90,73,60,Human Resources,100,Russia,true
677,Tanitansy,Binding,tbindingis@google.es,7,60,71,53,Training,83,United States,false
678,Angelina,Rootes,arootesit@spiegel.de,9,86,86,51,Support,80,Russia,false
679,Tatiana,Antham,tanthamiu@paypal.com,7,86,53,69,Training,90,Russia,false
680,Durant,Styles,dstylesiv@hugedomains.com,5,65,89,72,Research and Development,89,United States,true
681,Bliss,Dyster,bdysteriw@storify.com,7,68,78,55,Product Management,90,Russia,false
682,Mari,Clarkson,mclarksonix@last.fm,9,88,71,74,Accounting,98,United States,false
683,Myles,Mockett,mmockettiy@ucsd.edu,6,69,88,79,Support,85,Russia,false
684,Adeline,Antill,aantilliz@mapquest.com,7,71,63,94,Accounting,87,United States,true
685,Gerda,Kilday,gkildayj0@ameblo.jp,5,68,59,50,Product Management,84,Russia,true
686,Anni,Stienton,astientonj1@unicef.org,8,79,58,74,Services,84,Russia,true
687,Minta,Cainey,mcaineyj2@ustream.tv,5,80,69,82,Training,80,Kazakhstan,false
688,Willabella,Ruzek,wruzekj3@sphinn.com,8,51,51,78,Training,88,Russia,false
689,Franky,Sarney,fsarneyj4@youtu.be,5,86,70,70,Legal,99,Russia,true
690,Adair,Zannolli,azannollij5@list-manage.com,9,80,76,55,Human Resources,80,Russia,false
691,Michaelina,Beaten,mbeatenj6@histats.com,8,61,54,68,Accounting,94,Russia,true
692,Roslyn,Carress,rcarressj7@vinaora.com,8,52,80,94,Legal,93,United States,false
693,Thibaud,Burder,tburderj8@sbwire.com,7,95,64,82,Legal,84,Russia,false
694,Kinna,Schimoni,kschimonij9@shareasale.com,8,60,96,72,Support,83,United States,true
695,Mahalia,Derrett,mderrettja@acquirethisname.com,7,60,96,59,Engineering,86,United States,true
696,Teriann,Stennett,tstennettjb@springer.com,9,78,91,75,Sales,97,United States,true
697,Cherilyn,Haddington,chaddingtonjc@zdnet.com,6,95,71,66,Support,98,Russia,false
698,Christabel,Hews,chewsjd@ucoz.com,8,86,66,71,Marketing,80,Kazakhstan,false
699,Devondra,O'Mahoney,domahoneyje@usnews.com,5,71,52,82,Training,90,United States,false
700,Hyacinthe,Tomovic,htomovicjf@newyorker.com,7,68,82,87,Product Management,98,Russia,true
701,Freddie,Wither,fwitherjg@mysql.com,9,65,91,83,Support,88,Russia,false
702,Cedric,Cadigan,ccadiganjh@i2i.jp,7,94,88,82,Services,98,Russia,false
703,Anissa,Terron,aterronji@adobe.com,7,88,64,82,Business Development,84,Russia,true
704,Emanuel,Bore,eborejj@microsoft.com,9,74,75,93,Marketing,85,Russia,true
705,Ali,Opdenorth,aopdenorthjk@com.com,6,96,50,57,Services,81,Russia,true
706,Ricard,Juschka,rjuschkajl@skype.com,8,91,89,59,Research and Development,88,Russia,false
707,Jimmie,Hall,jhalljm@paginegialle.it,8,60,54,94,Research and Development,81,Russia,false
708,Dorise,Attwool,dattwooljn@cargocollective.com,7,51,77,83,Services,85,Russia,true
709,Emmett,Duddridge,eduddridgejo@storify.com,5,85,69,88,Sales,87,United States,true
710,Gustavo,Trayes,gtrayesjp@360.cn,5,88,78,50,Product Management,98,Russia,true
711,Walker,Alleyne,walleynejq@meetup.com,9,68,90,85,Sales,89,Russia,true
712,Catarina,Blueman,cbluemanjr@mediafire.com,9,83,53,96,Engineering,96,United States,false
713,Katusha,Griffin,kgriffinjs@spotify.com,5,54,66,81,Support,95,United States,false
714,Friederike,Boskell,fboskelljt@linkedin.com,9,67,85,50,Legal,86,Russia,false
715,Theodor,Fierro,tfierroju@wikia.com,8,84,67,71,Product Management,100,Kazakhstan,false
716,Tilly,Begwell,tbegwelljv@imgur.com,7,74,50,77,Engineering,94,Russia,false
717,Stewart,Coche,scochejw@mozilla.com,5,53,82,64,Business Development,92,Russia,true
718,Corissa,Awty,cawtyjx@shutterfly.com,8,81,83,56,Services,83,Russia,false
719,Dante,Caslane,dcaslanejy@bravesites.com,7,51,56,70,Support,93,Russia,false
720,Demetre,Mell,dmelljz@geocities.com,6,50,67,93,Engineering,82,Kazakhstan,true
721,Diann,Wand,dwandk0@chronoengine.com,7,79,73,70,Legal,84,Russia,false
722,Dewey,Tinkham,dtinkhamk1@house.gov,6,51,57,86,Product Management,97,Russia,false
723,Barbey,Boddice,bboddicek2@smugmug.com,9,87,60,93,Training,96,Russia,true
724,Venita,Chadburn,vchadburnk3@youku.com,7,86,71,64,Human Resources,85,Russia,false
725,Molli,Brilleman,mbrillemank4@51.la,8,94,61,74,Services,89,Russia,true
726,Hermy,Eayres,heayresk5@sohu.com,5,71,78,68,Business Development,91,Kazakhstan,true
727,Iseabal,Toohey,itooheyk6@china.com.cn,9,70,87,80,Research and Development,93,Russia,true
728,Eartha,McKinnell,emckinnellk7@utexas.edu,7,84,96,60,Services,99,Russia,false
729,Minni,Harflete,mharfletek8@huffingtonpost.com,5,67,81,70,Human Resources,85,Russia,false
730,Henrik,Shannahan,hshannahank9@xrea.com,8,58,69,70,Accounting,93,Russia,false
731,Maryellen,Middlemiss,mmiddlemisska@pbs.org,8,55,80,50,Training,90,Russia,true
732,Nessy,Mounter,nmounterkb@pinterest.com,8,69,85,69,Services,86,Russia,false
733,Hamish,Coolahan,hcoolahankc@ebay.co.uk,6,62,74,90,Support,95,Russia,false
734,Cosme,Lubbock,clubbockkd@ocn.ne.jp,7,96,76,96,Support,88,Kazakhstan,false
735,Karlis,Wykes,kwykeske@free.fr,9,57,83,50,Training,80,Russia,true
736,Simonette,Medmore,smedmorekf@howstuffworks.com,7,75,54,77,Training,88,Russia,false
737,Abby,Dorkin,adorkinkg@example.com,5,95,76,56,Support,89,Russia,true
738,Suzanna,Brotheridge,sbrotheridgekh@soundcloud.com,8,63,61,62,Business Development,82,Russia,true
739,Culver,Abdon,cabdonki@ovh.net,9,87,50,91,Accounting,83,Russia,false
740,Symon,Leare,slearekj@yellowbook.com,5,60,51,67,Training,89,United States,false
741,Marcille,Easeman,measemankk@wikispaces.com,7,63,86,81,Accounting,95,Russia,true
742,Aldrich,Toffanini,atoffaninikl@uol.com.br,9,56,85,85,Services,99,United States,true
743,Alexandrina,Bilam,abilamkm@t-online.de,5,76,84,71,Engineering,94,Russia,true
744,Alexis,Alfonsetto,aalfonsettokn@vkontakte.ru,9,79,95,95,Legal,94,United States,true
745,Hermina,Cordero,hcorderoko@flavors.me,7,62,86,63,Legal,95,United States,false
746,Agnesse,Owbrick,aowbrickkp@stumbleupon.com,6,62,94,53,Sales,86,Russia,true
747,Thibaut,Winspeare,twinspearekq@xinhuanet.com,7,89,66,83,Training,86,United States,true
748,Danyelle,Yong,dyongkr@alibaba.com,7,78,83,76,Product Management,95,Russia,true
749,Jeremias,Gabbett,jgabbettks@fastcompany.com,8,58,87,81,Accounting,84,Russia,false
750,Terence,Wallentin,twallentinkt@usa.gov,5,69,52,96,Product Management,87,United States,true
751,Maryl,Wilber,mwilberku@smh.com.au,8,93,71,71,Sales,90,Russia,true
752,Bernice,Helmke,bhelmkekv@nbcnews.com,9,73,57,96,Business Development,85,United States,true
753,Eduino,Sagg,esaggkw@diigo.com,5,52,82,58,Research and Development,96,Russia,false
754,Byrom,Isac,bisackx@webeden.co.uk,6,67,85,78,Legal,85,Russia,true
755,Lemmy,Dakers,ldakersky@parallels.com,5,52,50,90,Accounting,89,Russia,true
756,Minni,Ritter,mritterkz@umich.edu,6,93,78,61,Services,82,Russia,true
757,Jolee,Bearsmore,jbearsmorel0@printfriendly.com,9,80,60,94,Training,92,Russia,true
758,Tadd,Skeffington,tskeffingtonl1@geocities.jp,6,81,71,94,Legal,95,Russia,false
759,Holt,Pykett,hpykettl2@qq.com,5,80,65,73,Training,97,Kazakhstan,true
760,Hercules,Buesden,hbuesdenl3@nifty.com,8,72,74,90,Marketing,81,Russia,false
761,Ania,Marians,amariansl4@state.gov,5,76,89,75,Business Development,87,Russia,true
762,Whitman,Father,wfatherl5@ucla.edu,5,80,70,89,Engineering,89,Russia,false
763,Sheilakathryn,Bubbings,sbubbingsl6@amazon.de,6,66,93,89,Training,86,Russia,true
764,Flynn,Crepel,fcrepell7@slate.com,8,82,85,51,Engineering,90,Russia,false
765,Alessandra,Portwaine,aportwainel8@studiopress.com,6,57,63,86,Accounting,90,Russia,false
766,Vin,Cushe,vcushel9@gmpg.org,9,81,72,96,Human Resources,92,Russia,false
767,Twila,Lubomirski,tlubomirskila@diigo.com,5,86,59,60,Training,98,Russia,true
768,Henrie,Sarginson,hsarginsonlb@about.com,7,70,75,50,Business Development,81,Russia,false
769,Virgie,Mateiko,vmateikolc@ifeng.com,7,91,72,51,Human Resources,100,Russia,false
770,Lena,Baysting,lbaystingld@xrea.com,7,90,95,84,Training,80,United States,true
771,Hansiain,Hanks,hhanksle@zdnet.com,5,82,76,90,Accounting,99,Russia,false
772,Thom,Oneile,toneilelf@ucoz.ru,9,89,52,77,Support,89,United States,true
773,Francisco,Rollason,frollasonlg@wix.com,6,95,73,95,Human Resources,87,Russia,false
774,Carola,Eggins,cegginslh@myspace.com,6,58,75,63,Product Management,87,Russia,true
775,Zed,Wythill,zwythillli@printfriendly.com,5,61,84,72,Accounting,81,Russia,false
776,Jacenta,Cammish,jcammishlj@marriott.com,5,72,50,82,Human Resources,100,Russia,false
777,Dode,Mulgrew,dmulgrewlk@squarespace.com,8,63,57,72,Engineering,96,Russia,true
778,Rozanna,Bernardes,rbernardesll@sbwire.com,6,85,87,57,Support,91,United States,true
779,Lelia,Panyer,lpanyerlm@blogger.com,9,56,85,50,Support,84,United Kingdom,false
780,Lars,Jerrom,ljerromln@webmd.com,8,95,78,64,Product Management,87,Russia,false
781,Hugibert,Appleford,happlefordlo@360.cn,6,89,90,63,Human Resources,84,Kazakhstan,false
782,Rica,Woodison,rwoodisonlp@nytimes.com,6,50,88,58,Marketing,88,Russia,false
783,Grannie,Canter,gcanterlq@flavors.me,6,57,81,79,Engineering,93,United States,true
784,Godart,Bromont,gbromontlr@xrea.com,8,93,82,64,Sales,83,Russia,false
785,Ardath,Inmett,ainmettls@themeforest.net,7,80,88,92,Support,85,Russia,true
786,Deane,Damerell,ddamerelllt@boston.com,5,57,86,61,Accounting,85,Russia,false
787,Mordecai,Strettell,mstrettelllu@aboutads.info,7,85,70,93,Training,98,Russia,true
788,Clemmie,Rawling,crawlinglv@fastcompany.com,9,93,68,52,Product Management,91,Russia,true
789,Antin,McGann,amcgannlw@oaic.gov.au,5,54,70,87,Engineering,82,Russia,false
790,Matelda,Yarn,myarnlx@cnbc.com,5,72,95,94,Product Management,81,United States,false
791,Dredi,Piburn,dpiburnly@desdev.cn,7,62,64,70,Business Development,83,United States,true
792,Adella,Durrell,adurrelllz@opera.com,8,86,55,74,Human Resources,88,Russia,false
793,Nicholas,Milland,nmillandm0@state.gov,8,84,68,94,Sales,96,Russia,true
794,Halli,Boorer,hboorerm1@globo.com,6,64,84,82,Support,91,Russia,true
795,Marlo,Robilliard,mrobilliardm2@sun.com,8,82,91,90,Human Resources,83,Russia,false
796,Mathilda,Matthius,mmatthiusm3@blogger.com,6,86,74,74,Sales,85,Russia,false
797,Gunther,Lammiman,glammimanm4@mit.edu,5,57,69,90,Marketing,82,Russia,false
798,Courtnay,Diter,cditerm5@baidu.com,6,65,60,63,Engineering,83,Russia,false
799,Shawna,Lovstrom,slovstromm6@yahoo.co.jp,6,75,76,57,Services,92,Russia,true
800,Victoria,Ewenson,vewensonm7@naver.com,9,93,64,79,Sales,81,United States,false
801,Annie,Halso,ahalsom8@spiegel.de,6,66,54,71,Accounting,94,Russia,false
802,Salvatore,Crop,scropm9@gravatar.com,5,93,76,64,Research and Development,95,Russia,true
803,Emyle,Bluschke,ebluschkema@timesonline.co.uk,8,89,59,60,Legal,83,Russia,true
804,Zsazsa,Abbett,zabbettmb@sbwire.com,9,64,75,71,Business Development,88,United States,true
805,Casie,Brownsett,cbrownsettmc@princeton.edu,7,55,76,52,Services,80,Russia,true
806,Gwyneth,Gheorghie,ggheorghiemd@opensource.org,8,74,82,59,Product Management,96,Russia,true
807,Kim,Yegorev,kyegorevme@chicagotribune.com,5,60,58,92,Legal,92,United States,false
808,Rozalie,Gallemore,rgallemoremf@uol.com.br,5,60,89,59,Human Resources,85,United States,false
809,Niven,Weild,nweildmg@examiner.com,8,55,74,90,Engineering,81,Russia,true
810,Derrick,Caught,dcaughtmh@alibaba.com,5,72,77,61,Accounting,89,United States,false
811,Duane,McKeney,dmckeneymi@reddit.com,9,95,52,87,Support,89,Russia,false
812,Hobey,Gorvette,hgorvettemj@sitemeter.com,9,55,71,67,Marketing,95,United States,true
813,Spence,Hovey,shoveymk@reuters.com,9,85,77,51,Training,94,Russia,false
814,Ev,McQueen,emcqueenml@desdev.cn,8,80,78,96,Human Resources,97,Russia,true
815,Katherina,Dyster,kdystermm@clickbank.net,6,89,94,75,Engineering,98,Russia,false
816,Law,Myatt,lmyattmn@newyorker.com,9,86,96,61,Legal,90,Russia,true
817,Yank,Ewins,yewinsmo@ustream.tv,5,56,75,92,Engineering,95,Russia,true
818,Simonne,Iannelli,siannellimp@go.com,6,88,64,69,Marketing,100,Russia,false
819,Raff,Pech,rpechmq@apple.com,8,74,71,78,Marketing,84,Russia,false
820,Chick,Sket,csketmr@addtoany.com,7,66,82,59,Human Resources,97,Russia,false
821,Claretta,Saxon,csaxonms@networksolutions.com,7,81,78,65,Legal,82,Kazakhstan,false
822,Fredrika,Reinbach,freinbachmt@house.gov,7,54,79,65,Product Management,82,United Kingdom,true
823,Sile,McEntee,smcenteemu@wsj.com,5,84,93,67,Marketing,96,Russia,true
824,Orelia,Surfleet,osurfleetmv@acquirethisname.com,5,56,64,82,Services,80,Russia,false
825,Pattie,Dik,pdikmw@tinypic.com,9,73,88,62,Engineering,80,United States,false
826,Berenice,Bernakiewicz,bbernakiewiczmx@arizona.edu,9,86,86,90,Business Development,90,United States,false
827,Alison,Turtle,aturtlemy@shutterfly.com,7,57,61,92,Sales,94,United States,false
828,Aluino,Tuson,atusonmz@weather.com,7,79,84,93,Accounting,84,Kazakhstan,true
829,Keslie,Matokhnin,kmatokhninn0@goo.ne.jp,8,88,50,73,Training,100,Russia,true
830,Anastasia,Yackiminie,ayackiminien1@yolasite.com,8,89,90,86,Business Development,88,Russia,true
831,Portia,Handyside,phandysiden2@google.co.jp,7,74,52,63,Product Management,88,United Kingdom,true
832,Lydia,Swindall,lswindalln3@independent.co.uk,9,94,59,79,Accounting,81,Russia,false
833,Heda,Chicco,hchiccon4@tmall.com,7,89,88,84,Sales,81,Kazakhstan,true
834,Conn,Belden,cbeldenn5@elegantthemes.com,9,76,96,54,Research and Development,81,Russia,true
835,Preston,Jindrak,pjindrakn6@marketwatch.com,5,57,66,90,Sales,88,Russia,false
836,Corilla,Snufflebottom,csnufflebottomn7@zdnet.com,8,53,57,71,Product Management,85,United States,true
837,Cosme,Lewens,clewensn8@arstechnica.com,9,91,73,60,Human Resources,99,Russia,false
838,Leigha,Rapps,lrappsn9@cafepress.com,9,89,61,65,Human Resources,83,Russia,false
839,Marabel,Jumonet,mjumonetna@yolasite.com,5,77,82,57,Engineering,95,Russia,false
840,Freeland,Yurkov,fyurkovnb@stanford.edu,6,64,59,64,Engineering,87,Russia,true
841,Allistir,Matej,amatejnc@ucoz.ru,6,61,79,57,Accounting,91,Russia,false
842,Edy,Feld,efeldnd@mysql.com,7,72,50,84,Human Resources,95,United States,false
843,Yehudit,Kitchingman,ykitchingmanne@godaddy.com,7,84,51,55,Human Resources,83,United States,true
844,Evelin,Salling,esallingnf@home.pl,8,69,54,50,Engineering,87,Russia,false
845,Kacy,MacKee,kmackeeng@gmpg.org,6,87,91,88,Legal,100,Russia,true
846,Debi,Babe,dbabenh@woothemes.com,7,87,59,81,Sales,97,Russia,true
847,Dulcine,Turone,dturoneni@dot.gov,9,95,90,72,Research and Development,80,Kazakhstan,false
848,Johna,Beharrell,jbeharrellnj@kickstarter.com,7,88,92,50,Services,96,Russia,false
849,Delia,Novotni,dnovotnink@guardian.co.uk,5,75,57,86,Business Development,85,Kazakhstan,false
850,Salim,Ratcliff,sratcliffnl@nytimes.com,6,64,82,81,Business Development,98,United States,false
851,Bjorn,Tagg,btaggnm@cloudflare.com,6,63,76,68,Engineering,84,United States,false
852,Demetris,Tidbald,dtidbaldnn@eepurl.com,7,80,96,60,Legal,90,Russia,true
853,Antin,Kersey,akerseyno@boston.com,8,66,90,69,Legal,89,Russia,true
854,Engelbert,Lindenberg,elindenbergnp@vkontakte.ru,5,93,71,94,Business Development,97,United Kingdom,false
855,Byron,Antoniottii,bantoniottiinq@bloomberg.com,9,91,89,51,Legal,99,Russia,false
856,Gaylor,Cracknall,gcracknallnr@123-reg.co.uk,5,70,81,80,Accounting,96,Russia,false
857,Nevil,O'Hickey,nohickeyns@simplemachines.org,7,66,91,85,Accounting,97,Russia,true
858,Sela,Stroulger,sstroulgernt@mail.ru,7,55,74,54,Marketing,86,United States,false
859,Astrix,Kalker,akalkernu@simplemachines.org,9,88,67,74,Marketing,97,Kazakhstan,true
860,Benedetto,Bessell,bbessellnv@cafepress.com,8,72,60,68,Support,96,Russia,true
861,Yuri,Franey,yfraneynw@mozilla.org,5,70,73,73,Product Management,87,Russia,false
862,Waite,Vaune,wvaunenx@biglobe.ne.jp,5,95,60,85,Sales,83,Russia,false
863,Cassi,Noblet,cnobletny@deliciousdays.com,7,51,65,89,Research and Development,97,Russia,true
864,Bev,Surfleet,bsurfleetnz@list-manage.com,6,75,82,57,Research and Development,86,Russia,false
865,Ody,Hickinbottom,ohickinbottomo0@blogger.com,7,75,73,76,Training,81,Russia,false
866,Agata,Mullaney,amullaneyo1@blog.com,5,87,74,94,Training,85,Russia,true
867,Courtnay,Deppen,cdeppeno2@sitemeter.com,7,80,84,95,Services,88,Russia,false
868,Salvador,McGirl,smcgirlo3@tiny.cc,5,56,51,70,Research and Development,95,Russia,false
869,Lorens,Simonato,lsimonatoo4@dot.gov,8,85,81,67,Accounting,85,United States,false
870,Libbey,Samme,lsammeo5@foxnews.com,5,52,87,86,Research and Development,97,Russia,true
871,Gianna,Dyers,gdyerso6@chronoengine.com,8,81,71,57,Marketing,97,United States,false
872,Trip,Hefner,thefnero7@ucoz.com,9,81,58,62,Legal,92,Russia,false
873,Esta,Leguey,elegueyo8@soup.io,7,77,91,82,Marketing,94,Russia,false
874,Sky,Petrasch,spetrascho9@prnewswire.com,5,68,61,93,Business Development,80,United States,false
875,Tiler,Sent,tsentoa@newyorker.com,6,57,81,75,Services,98,Russia,false
876,Emmie,Gillease,egilleaseob@lycos.com,8,79,65,65,Business Development,97,United States,true
877,Osbourn,Davidovich,odavidovichoc@slideshare.net,5,88,92,52,Training,98,United States,true
878,Kasper,Van der Hoeven,kvanderhoevenod@foxnews.com,6,65,78,76,Services,84,United Kingdom,false
879,Magda,Kitchener,mkitcheneroe@statcounter.com,6,61,74,85,Training,92,United States,false
880,Mariska,Maxstead,mmaxsteadof@cnn.com,7,64,68,71,Product Management,89,Russia,false
881,Cybil,Filon,cfilonog@auda.org.au,9,91,92,81,Engineering,86,Russia,true
882,Jeniece,Coxen,jcoxenoh@google.it,6,75,60,67,Sales,85,Russia,false
883,Saunders,Tythacott,stythacottoi@cyberchimps.com,5,64,68,95,Support,88,Russia,true
884,Montague,Juares,mjuaresoj@comcast.net,9,54,69,85,Support,92,Russia,false
885,Broddie,Barnham,bbarnhamok@dagondesign.com,6,73,53,82,Services,94,United States,false
886,Krissie,Monelli,kmonelliol@sohu.com,6,66,59,66,Product Management,97,United States,true
887,Abbey,Connor,aconnorom@tmall.com,5,73,88,64,Training,83,Russia,true
888,Bernie,Curnokk,bcurnokkon@stumbleupon.com,6,96,88,52,Human Resources,87,Kazakhstan,true
889,Martin,Kennan,mkennanoo@live.com,5,50,50,54,Support,89,United States,true
890,Heather,Petofi,hpetofiop@timesonline.co.uk,9,71,83,63,Sales,99,Russia,false
891,Jerrylee,Wilcocks,jwilcocksoq@arstechnica.com,6,68,62,94,Research and Development,93,Kazakhstan,false
892,Crosby,Spoure,cspoureor@slideshare.net,8,72,92,90,Marketing,89,United States,false
893,Annora,Toppes,atoppesos@tamu.edu,6,78,78,89,Human Resources,100,Russia,false
894,Egon,Stanger,estangerot@businessweek.com,8,67,82,60,Training,89,United States,false
895,Donni,Adamovitz,dadamovitzou@jugem.jp,6,58,65,61,Accounting,82,United States,true
896,Yehudi,Paterno,ypaternoov@wikipedia.org,6,83,71,85,Accounting,98,Russia,true
897,Lesley,Delete,ldeleteow@blinklist.com,6,75,85,56,Business Development,97,Russia,true
898,Franz,Karby,fkarbyox@4shared.com,5,61,56,51,Product Management,87,United States,false
899,Chris,Hennington,chenningtonoy@ehow.com,5,61,82,75,Training,92,Russia,false
900,Emlyn,Docherty,edochertyoz@wp.com,8,51,60,78,Business Development,96,Russia,false
901,Jaimie,Quainton,jquaintonp0@nydailynews.com,9,55,61,80,Accounting,95,United States,false
902,Candie,Quimby,cquimbyp1@cbsnews.com,8,89,84,54,Engineering,87,Russia,false
903,Lora,Buncher,lbuncherp2@printfriendly.com,8,79,59,76,Sales,99,Russia,false
904,Tiebold,Sango,tsangop3@icio.us,9,73,69,69,Services,98,Russia,true
905,Shea,Dumblton,sdumbltonp4@cnbc.com,9,57,89,84,Accounting,87,United States,true
906,Cassaundra,Albrecht,calbrechtp5@google.ca,9,92,93,79,Research and Development,95,Russia,true
907,Efrem,Proughten,eproughtenp6@ft.com,5,53,74,64,Research and Development,82,United States,true
908,Delphinia,Frosdick,dfrosdickp7@github.io,6,51,90,53,Services,81,United States,true
909,Luther,Cretney,lcretneyp8@nydailynews.com,8,59,69,69,Engineering,84,Russia,true
910,Annette,Eliez,aeliezp9@liveinternet.ru,9,79,54,93,Research and Development,82,Russia,false
911,Mureil,Sandilands,msandilandspa@dropbox.com,5,85,69,83,Sales,83,United States,false
912,Bill,Woollons,bwoollonspb@typepad.com,9,55,89,62,Support,99,Russia,true
913,Melva,Sutterby,msutterbypc@hhs.gov,8,88,72,68,Research and Development,96,Russia,true
914,Emily,Spellessy,espellessypd@china.com.cn,9,76,54,55,Research and Development,91,Russia,false
915,Shay,Hackley,shackleype@bbc.co.uk,8,71,56,58,Engineering,91,Kazakhstan,false
916,Demetrius,Finci,dfincipf@indiegogo.com,9,89,90,87,Product Management,91,United Kingdom,false
917,Ferdy,Bordiss,fbordisspg@stanford.edu,9,85,91,91,Human Resources,83,Russia,false
918,Jereme,Lowthian,jlowthianph@cpanel.net,8,86,52,96,Marketing,99,Kazakhstan,false
919,Christoffer,Chirm,cchirmpi@berkeley.edu,5,80,54,61,Research and Development,88,United Kingdom,false
920,Maggie,McQuaid,mmcquaidpj@independent.co.uk,8,70,74,53,Sales,98,United States,true
921,Huntlee,Kenwright,hkenwrightpk@multiply.com,6,52,65,64,Business Development,95,Kazakhstan,false
922,Andeee,McDade,amcdadepl@youtube.com,6,89,66,87,Business Development,83,Russia,false
923,Torrey,Otley,totleypm@cloudflare.com,6,83,56,61,Services,91,Russia,false
924,Hugues,Stubbin,hstubbinpn@usnews.com,5,88,77,84,Accounting,95,Russia,true
925,Raff,Manns,rmannspo@sbwire.com,5,53,75,68,Sales,81,Russia,true
926,Chrysa,Gurnett,cgurnettpp@mapy.cz,5,77,83,76,Business Development,80,United States,true
927,Englebert,Mancer,emancerpq@cnbc.com,9,67,73,94,Product Management,91,Kazakhstan,false
928,Wake,Wheelton,wwheeltonpr@thetimes.co.uk,6,64,67,94,Engineering,90,United States,false
929,Dorolisa,O'Breen,dobreenps@last.fm,8,54,55,77,Sales,90,Russia,false
930,Clemmy,Masdin,cmasdinpt@senate.gov,9,57,88,72,Support,87,Russia,true
931,Jeannine,Cronin,jcroninpu@last.fm,5,84,64,53,Sales,95,United States,false
932,Robina,Harrell,rharrellpv@independent.co.uk,5,61,95,50,Business Development,92,United States,true
933,Maurise,Hammerson,mhammersonpw@creativecommons.org,5,58,95,65,Services,92,United States,true
934,Arnie,Sarge,asargepx@tinypic.com,9,67,95,53,Accounting,80,United States,true
935,Hendrik,Servante,hservantepy@pinterest.com,9,85,60,92,Sales,90,Russia,true
936,Aretha,Van der Kruys,avanderkruyspz@sakura.ne.jp,8,50,90,92,Training,95,United States,false
937,Darryl,Nesey,dneseyq0@arstechnica.com,6,96,71,73,Legal,91,Russia,false
938,Fern,Maior,fmaiorq1@csmonitor.com,9,68,68,58,Business Development,97,United States,true
939,Rosabelle,Saph,rsaphq2@statcounter.com,7,94,71,55,Support,86,Russia,false
940,Annabella,Reddecliffe,areddecliffeq3@simplemachines.org,9,74,81,88,Support,95,United Kingdom,true
941,Reed,Gillespey,rgillespeyq4@mysql.com,5,78,95,82,Business Development,93,Russia,true
942,Cassandre,Simenot,csimenotq5@reuters.com,8,90,86,88,Research and Development,83,Kazakhstan,false
943,Thain,Elphee,telpheeq6@google.it,8,59,78,71,Engineering,92,United States,false
944,Deeann,Starrs,dstarrsq7@rakuten.co.jp,5,53,58,58,Accounting,82,United States,false
945,Cilka,Smellie,csmellieq8@comsenz.com,8,87,78,79,Product Management,82,Kazakhstan,false
946,Mile,Potten,mpottenq9@facebook.com,7,86,80,57,Sales,88,Russia,false
947,Humbert,Stanett,hstanettqa@dmoz.org,9,61,65,91,Services,97,Russia,false
948,Paulina,Life,plifeqb@creativecommons.org,5,64,73,70,Training,83,Russia,false
949,Duky,MacGiffin,dmacgiffinqc@japanpost.jp,7,70,76,73,Marketing,94,United States,false
950,Melloney,McKerlie,mmckerlieqd@biblegateway.com,8,68,61,69,Sales,85,Russia,true
951,Lorant,Fero,lferoqe@unblog.fr,9,81,93,86,Services,84,United States,true
952,Iolande,Dowgill,idowgillqf@bandcamp.com,6,57,90,60,Services,82,Russia,false
953,Annnora,Gouldie,agouldieqg@wikia.com,9,96,74,86,Engineering,94,Kazakhstan,true
954,Jarvis,Sonier,jsonierqh@mashable.com,7,60,72,54,Services,83,Kazakhstan,false
955,Paloma,Godding,pgoddingqi@ocn.ne.jp,5,66,58,59,Accounting,93,United States,false
956,Lutero,Landreth,llandrethqj@uol.com.br,5,54,58,62,Training,99,Russia,true
957,Denna,Drivers,ddriversqk@google.co.uk,5,73,50,91,Accounting,85,Russia,true
958,Cleo,Berceros,cbercerosql@linkedin.com,5,61,57,65,Services,80,Russia,true
959,Orrin,Laydon,olaydonqm@freewebs.com,5,59,63,96,Business Development,83,Russia,true
960,Sarita,Hathway,shathwayqn@multiply.com,5,61,88,83,Services,98,Russia,true
961,Lou,Petri,lpetriqo@histats.com,9,94,62,55,Human Resources,97,Russia,true
962,Letitia,Ronci,lronciqp@ocn.ne.jp,8,77,60,61,Training,96,Russia,true
963,Sibylle,Stanaway,sstanawayqq@craigslist.org,7,83,60,82,Research and Development,92,Kazakhstan,false
964,Bay,Tzarkov,btzarkovqr@wikispaces.com,7,50,52,93,Accounting,93,Russia,true
965,Nappy,Rodell,nrodellqs@nsw.gov.au,9,51,67,73,Accounting,97,United States,true
966,Claribel,Middlemiss,cmiddlemissqt@spotify.com,9,53,56,57,Human Resources,81,Kazakhstan,false
967,Bartholomew,Lonie,bloniequ@weibo.com,7,51,62,53,Legal,94,Russia,true
968,Meyer,Edmands,medmandsqv@cnbc.com,8,81,70,54,Marketing,81,Russia,false
969,Babita,Scoggan,bscogganqw@google.com.au,7,62,80,72,Support,83,Russia,true
970,Silvie,Perrett,sperrettqx@360.cn,9,89,76,57,Human Resources,96,Russia,true
971,Jefferey,Partleton,jpartletonqy@booking.com,6,62,91,92,Engineering,93,Russia,true
972,Ulrick,Joist,ujoistqz@home.pl,8,58,87,84,Sales,80,Russia,true
973,Edvard,Swaffer,eswafferr0@wsj.com,7,69,85,94,Marketing,94,United States,false
974,Etan,Gibbetts,egibbettsr1@paypal.com,6,53,51,57,Legal,93,Russia,false
975,Garth,Valdes,gvaldesr2@netscape.com,9,58,80,90,Accounting,91,Russia,false
976,Tyson,Gregor,tgregorr3@bbc.co.uk,8,52,67,71,Research and Development,86,Russia,true
977,Brenna,Bolderstone,bbolderstoner4@is.gd,6,54,90,51,Accounting,93,Russia,true
978,Chad,Cressar,ccressarr5@ted.com,9,57,73,51,Services,98,Russia,true
979,Fenelia,Riggey,friggeyr6@dyndns.org,8,58,75,84,Engineering,95,Russia,true
980,Olympe,Ackroyd,oackroydr7@salon.com,7,64,51,70,Legal,98,Russia,false
981,Inger,Huot,ihuotr8@flavors.me,7,75,50,82,Engineering,88,United States,true
982,Phil,Onion,ponionr9@cbsnews.com,6,65,62,62,Business Development,87,United States,true
983,Cal,Bodechon,cbodechonra@cdbaby.com,5,69,61,72,Human Resources,84,Russia,true
984,Adriana,Florence,aflorencerb@shop-pro.jp,5,90,51,67,Marketing,92,Russia,false
985,Zola,Bemwell,zbemwellrc@linkedin.com,5,72,69,54,Marketing,93,Russia,true
986,Doris,Bottle,dbottlerd@indiegogo.com,9,83,50,75,Human Resources,80,Russia,false
987,Romain,Argue,rarguere@last.fm,7,96,75,88,Support,81,Russia,false
988,Antonina,Culcheth,aculchethrf@google.com.au,8,67,74,57,Marketing,82,United States,false
989,Lea,Chinnick,lchinnickrg@studiopress.com,5,64,96,87,Support,99,United States,true
990,Marthe,Snare,msnarerh@ihg.com,8,52,53,85,Research and Development,94,Russia,true
991,Rosabella,Deighan,rdeighanri@nps.gov,6,82,66,61,Support,84,United States,true
992,Eustace,Besant,ebesantrj@macromedia.com,5,89,83,87,Support,83,United States,false
993,Tansy,Picot,tpicotrk@networkadvertising.org,7,88,50,89,Legal,91,Russia,true
994,Rafe,Hasloch,rhaslochrl@surveymonkey.com,7,63,71,88,Research and Development,95,Russia,false
995,Edd,Tuting,etutingrm@google.com.hk,6,52,86,53,Training,99,Russia,true
996,Keir,Echlin,kechlinrn@webnode.com,9,65,54,83,Legal,92,Russia,false
997,Jarrod,Caukill,jcaukillro@symantec.com,8,55,78,55,Sales,94,Russia,false
998,Hattie,Gemlbett,hgemlbettrp@edublogs.org,5,90,88,69,Accounting,97,Russia,false
999,Miranda,Densham,mdenshamrq@reddit.com,7,66,87,74,Marketing,81,United States,false
1000,Ulysses,Amiranda,uamirandarr@globo.com,8,86,59,63,Business Development,99,United Kingdom,true
